Year,SumPcpn,SumEGDD_C,SumHeatD,SumFrostD,AvgSI,AvgPrcnAWHC,NDVI,Yield,Area
1987_18_20,3.166666666666663,49.28333333333334,0.3333333333333333,2.3333333333333335,0.6971428571428566,0.38984126984126993,0.176268054897,22.5,449873.0
1987_19_21,2.844444444444443,46.28333333333334,0.3333333333333333,2.3333333333333335,0.6704761904761899,0.36206349206349236,0.22185047152433301,22.5,449873.0
1987_20_22,9.055555555555566,53.01111111111117,0.3333333333333333,1.88888888888889,0.624285714285714,0.35000000000000003,0.261772248564333,22.5,449873.0
1987_21_23,14.433333333333342,54.33888888888893,0.0,1.1111111111111123,0.5690476190476189,0.36634920634920637,0.292525111954,22.5,449873.0
1987_22_24,15.511111111111122,73.58888888888895,0.4444444444444433,0.22222222222222232,0.4573015873015873,0.3834920634920634,0.332312694273,22.5,449873.0
1987_23_25,13.666666666666657,86.98333333333342,1.3333333333333333,0.22222222222222232,0.35079365079365066,0.36126984126984135,0.39096822875500004,22.5,449873.0
1987_24_26,8.611111111111104,97.01666666666677,1.3333333333333333,0.0,0.28492063492063474,0.2866666666666667,0.447828028028,22.5,449873.0
1987_25_27,20.811111111111114,92.41111111111121,0.8888888888888898,0.0,0.279206349206349,0.2425396825396827,0.495163431853,22.5,449873.0
1987_26_28,21.211111111111112,76.59999999999997,0.0,0.0,0.270952380952381,0.23857142857142868,0.521096209367333,22.5,449873.0
1987_27_29,29.377777777777766,72.45555555555553,0.0,0.0,0.254761904761905,0.2563492063492063,0.5383903298033329,22.5,449873.0
1987_28_30,17.933333333333312,74.4388888888889,0.0,0.0,0.25301587301587336,0.2507936507936507,0.549401053685,22.5,449873.0
1987_29_31,14.144444444444431,91.00555555555546,0.7777777777777768,0.0,0.298888888888889,0.20269841269841235,0.5451917522783329,22.5,449873.0
1987_30_32,10.7888888888889,92.67777777777773,0.7777777777777768,0.0,0.3585714285714286,0.1560317460317457,0.5225684236866671,22.5,449873.0
1987_31_33,19.111111111111118,80.2166666666666,0.7777777777777768,0.0,0.4334920634920633,0.14603174603174568,0.4722307439016671,22.5,449873.0
1987_32_34,22.788888888888902,58.16111111111116,0.0,0.0,0.488888888888889,0.191111111111111,0.4226180127493329,22.5,449873.0
1987_33_35,20.244444444444433,53.3666666666667,0.0,0.0,0.543809523809524,0.24968253968253964,0.387378157104333,22.5,449873.0
1987_34_36,10.788888888888877,60.16666666666671,0.11111111111111101,0.11111111111111101,0.603809523809524,0.2717460317460317,0.365063784837333,22.5,449873.0
1987_35_37,7.599999999999987,56.366666666666696,0.11111111111111101,0.44444444444444436,0.6404761904761908,0.27793650793650765,0.341486230967667,22.5,449873.0
1987_36_38,5.011111111111107,51.300000000000004,0.11111111111111101,1.4444444444444444,0.6557142857142857,0.27650793650793637,0.310193230072,22.5,449873.0
1988_18_20,2.5333333333333337,42.51111111111107,0.0,3.22222222222222,0.6855555555555556,0.5725396825396827,0.178619242927333,17.5,650814.0
1988_19_21,4.655555555555556,65.22222222222217,0.5555555555555566,1.5555555555555536,0.6665079365079367,0.547142857142857,0.215373997682,17.5,650814.0
1988_20_22,3.422222222222222,93.80555555555539,1.88888888888889,0.4444444444444433,0.6344444444444444,0.5087301587301587,0.26103319635433303,17.5,650814.0
1988_21_23,4.211111111111112,104.86666666666667,2.4444444444444464,0.0,0.5465079365079363,0.45507936507936503,0.311016000210667,17.5,650814.0
1988_22_24,1.7777777777777788,104.1111111111111,2.6666666666666665,0.0,0.5098412698412697,0.37460317460317466,0.36042400558466703,17.5,650814.0
1988_23_25,5.899999999999991,94.6111111111112,1.3333333333333333,0.0,0.4517460317460316,0.3001587301587303,0.3985060692273329,17.5,650814.0
1988_24_26,6.6111111111111,95.54444444444454,0.9999999999999991,0.0,0.4249206349206347,0.2271428571428573,0.4265035746276671,17.5,650814.0
1988_25_27,10.1111111111111,96.08333333333344,0.22222222222222232,0.0,0.417301587301587,0.17460317460317465,0.44606131394566706,17.5,650814.0
1988_26_28,17.0,92.46111111111122,0.22222222222222232,0.0,0.408095238095238,0.16206349206349202,0.463708661293,17.5,650814.0
1988_27_29,16.944444444444443,88.56666666666666,0.4444444444444433,0.0,0.41190476190476194,0.16365079365079335,0.479751433012,17.5,650814.0
1988_28_30,12.855555555555554,93.7,1.22222222222222,0.0,0.45634920634920667,0.13873015873015856,0.49071250724433296,17.5,650814.0
1988_29_31,10.722222222222221,95.25,1.22222222222222,0.0,0.506825396825397,0.10746031746031724,0.490162304409667,17.5,650814.0
1988_30_32,13.388888888888879,93.5388888888889,0.9999999999999991,0.0,0.6265079365079367,0.08349206349206344,0.47393847268333295,17.5,650814.0
1988_31_33,23.2,84.6388888888889,0.22222222222222232,0.0,0.6431746031746033,0.1233333333333332,0.44681519414166704,17.5,650814.0
1988_32_34,17.5888888888889,77.8,0.22222222222222232,0.22222222222222232,0.6653968253968258,0.18634920634920618,0.419667035456667,17.5,650814.0
1988_33_35,13.477777777777797,72.32222222222224,0.0,0.3333333333333333,0.6365079365079367,0.24476190476190465,0.39564571413533295,17.5,650814.0
1988_34_36,7.1777777777777985,61.16666666666669,0.22222222222222232,0.8888888888888898,0.6457142857142856,0.274920634920635,0.37275148306199996,17.5,650814.0
1988_35_37,9.822222222222232,56.938888888888904,0.22222222222222232,1.111111111111111,0.6649206349206346,0.2750793650793653,0.34589893577799996,17.5,650814.0
1988_36_38,14.366666666666665,36.82777777777777,0.22222222222222232,2.1111111111111103,0.6528571428571427,0.30698412698412736,0.304805932248,17.5,650814.0
1989_18_20,8.677777777777786,53.0,0.0,1.8888888888888877,0.7007936507936506,0.4988888888888887,0.185970130657,19.2,571332.0
1989_19_21,18.12222222222224,53.40555555555553,0.0,1.0000000000000009,0.6380952380952379,0.5395238095238094,0.21985067435866698,19.2,571332.0
1989_20_22,15.244444444444467,44.577777777777804,0.0,1.5555555555555565,0.5647619047619047,0.5715873015873018,0.254440788156667,19.2,571332.0
1989_21_23,14.344444444444465,46.43888888888887,0.0,1.6666666666666676,0.5190476190476191,0.5798412698412699,0.287991098993667,19.2,571332.0
1989_22_24,6.733333333333342,64.6722222222222,0.22222222222222232,1.0,0.4936507936507937,0.5412698412698413,0.320092492492333,19.2,571332.0
1989_23_25,18.85555555555558,72.02777777777773,0.3333333333333333,0.3333333333333333,0.395079365079365,0.5114285714285713,0.37218408935233294,19.2,571332.0
1989_24_26,21.611111111111114,82.46111111111112,0.7777777777777767,0.22222222222222232,0.262380952380952,0.5168253968253965,0.43590888520099996,19.2,571332.0
1989_25_27,21.5,86.63888888888893,0.5555555555555544,0.0,0.17253968253968233,0.4957142857142856,0.49829960486833297,19.2,571332.0
1989_26_28,13.766666666666664,91.64444444444446,0.5555555555555544,0.0,0.1357142857142857,0.4574603174603173,0.540250892998333,19.2,571332.0
1989_27_29,7.688888888888896,101.41666666666653,2.000000000000001,0.0,0.1655555555555557,0.3434920634920633,0.562889376218333,19.2,571332.0
1989_28_30,9.166666666666666,101.31111111111098,2.222222222222223,0.0,0.24095238095238103,0.23920634920634898,0.566887355776667,19.2,571332.0
1989_29_31,10.222222222222202,103.1555555555554,2.666666666666669,0.0,0.32301587301587303,0.16285714285714267,0.5422687397923329,19.2,571332.0
1989_30_32,10.7222222222222,93.78333333333335,1.5555555555555556,0.0,0.3946031746031746,0.12222222222222211,0.49793807228266707,19.2,571332.0
1989_31_33,12.0,87.95,1.3333333333333333,0.11111111111111101,0.47142857142857136,0.10619047619047606,0.44400442020966707,19.2,571332.0
1989_32_34,17.5666666666667,84.0555555555556,0.7777777777777768,0.11111111111111101,0.5753968253968255,0.11492063492063474,0.39413203466633295,19.2,571332.0
1989_33_35,25.855555555555597,71.85000000000001,0.0,0.11111111111111101,0.6317460317460317,0.20603174603174598,0.353329708656,19.2,571332.0
1989_34_36,29.80000000000003,63.10555555555553,0.0,0.5555555555555566,0.6184126984126984,0.3417460317460317,0.32309087508533296,19.2,571332.0
1989_35_37,19.466666666666676,49.95555555555554,0.0,1.2222222222222232,0.5977777777777776,0.456825396825397,0.306467601812,19.2,571332.0
1989_36_38,10.922222222222219,38.777777777777764,0.0,2.0,0.6036507936507937,0.5003174603174604,0.292582967177333,19.2,571332.0
1990_18_20,8.933333333333323,17.605555555555537,0.0,4.555555555555556,0.5099999999999999,0.673015873015873,0.16000597703,22.1,533142.0
1990_19_21,8.655555555555544,34.66111111111107,0.0,3.0,0.609047619047619,0.6703174603174603,0.202076342132,22.1,533142.0
1990_20_22,4.699999999999989,54.272222222222204,0.0,1.22222222222222,0.6236507936507937,0.6342857142857143,0.245878388915333,22.1,533142.0
1990_21_23,9.80000000000002,69.51666666666667,0.22222222222222232,0.5555555555555544,0.6007936507936505,0.611904761904762,0.287650234445,22.1,533142.0
1990_22_24,11.855555555555576,67.26111111111118,0.22222222222222232,0.8888888888888876,0.5606349206349206,0.5950793650793652,0.329737771982333,22.1,533142.0
1990_23_25,13.466666666666688,77.4166666666667,0.5555555555555557,0.44444444444444436,0.46968253968253965,0.5831746031746032,0.37649313787466704,22.1,533142.0
1990_24_26,16.488888888888887,88.28888888888882,0.44444444444444436,0.3333333333333333,0.341904761904762,0.5733333333333333,0.42725036352133294,22.1,533142.0
1990_25_27,33.19999999999999,88.75555555555543,0.44444444444444436,0.0,0.208095238095238,0.6073015873015873,0.4742512907643329,22.1,533142.0
1990_26_28,31.98888888888888,87.29999999999988,0.11111111111111101,0.0,0.11555555555555548,0.6244444444444447,0.5210935777883329,22.1,533142.0
1990_27_29,21.844444444444434,76.17777777777773,0.0,0.0,0.08777777777777772,0.5844444444444447,0.558058645487667,22.1,533142.0
1990_28_30,5.666666666666669,85.8722222222222,0.0,0.0,0.09460317460317469,0.46365079365079365,0.574702866024,22.1,533142.0
1990_29_31,5.944444444444446,85.86111111111113,0.3333333333333333,0.0,0.14666666666666686,0.3403174603174603,0.5626694299563331,22.1,533142.0
1990_30_32,3.6666666666666674,92.60000000000007,1.0,0.0,0.281904761904762,0.23190476190476197,0.5296839312996671,22.1,533142.0
1990_31_33,3.811111111111108,82.98888888888895,1.0,0.0,0.40555555555555567,0.15809523809523832,0.48574351720133296,22.1,533142.0
1990_32_34,6.144444444444448,79.7555555555556,0.888888888888889,0.0,0.5084126984126983,0.1141269841269843,0.43952885517066703,22.1,533142.0
1990_33_35,7.300000000000003,75.10555555555557,0.22222222222222232,0.0,0.5982539682539683,0.09793650793650795,0.396509788736,22.1,533142.0
1990_34_36,4.633333333333337,74.78888888888885,0.44444444444444464,0.22222222222222232,0.72015873015873,0.08523809523809527,0.36051977767233295,22.1,533142.0
1990_35_37,1.4777777777777779,62.99444444444441,0.22222222222222232,0.888888888888889,0.8531746031746031,0.07634920634920637,0.329900121174,22.1,533142.0
1990_36_38,3.9555555555555446,49.5444444444444,0.22222222222222232,1.4444444444444455,0.901269841269841,0.08095238095238104,0.298612628418,22.1,533142.0
1991_18_20,10.844444444444413,33.694444444444464,0.0,3.3333333333333353,0.5753968253968252,0.5366666666666666,0.183992226437333,23.8,538015.0
1991_19_21,12.755555555555546,55.7611111111111,0.11111111111111101,1.3333333333333341,0.5985714285714286,0.5339682539682539,0.216898690796333,23.8,538015.0
1991_20_22,8.188888888888902,67.18888888888887,0.11111111111111101,0.44444444444444436,0.5844444444444443,0.534920634920635,0.26038998999,23.8,538015.0
1991_21_23,13.011111111111122,78.97777777777776,0.11111111111111101,0.22222222222222232,0.562063492063492,0.5176190476190476,0.312694984458,23.8,538015.0
1991_22_24,10.355555555555554,82.27777777777783,0.0,0.0,0.5236507936507936,0.5042857142857143,0.3642885042936671,23.8,538015.0
1991_23_25,13.077777777777763,79.76111111111116,0.0,0.11111111111111101,0.4163492063492063,0.4820634920634919,0.41961019440499997,23.8,538015.0
1991_24_26,27.85555555555553,74.00555555555556,0.0,0.11111111111111101,0.29904761904761895,0.4919047619047617,0.47601038670266704,23.8,538015.0
1991_25_27,34.133333333333304,76.42777777777773,0.0,0.11111111111111101,0.16698412698412668,0.548253968253968,0.533520984142,23.8,538015.0
1991_26_28,31.311111111111092,86.29999999999995,0.22222222222222232,0.0,0.12365079365079341,0.5796825396825397,0.579669177071667,23.8,538015.0
1991_27_29,16.166666666666657,92.9111111111111,0.44444444444444436,0.0,0.0841269841269839,0.5476190476190477,0.605728676044333,23.8,538015.0
1991_28_30,9.222222222222223,95.13333333333333,0.44444444444444436,0.0,0.07698412698412697,0.43999999999999995,0.602424869606333,23.8,538015.0
1991_29_31,12.511111111111134,90.9833333333333,0.22222222222222202,0.0,0.0899999999999999,0.35317460317460303,0.5745778936829999,23.8,538015.0
1991_30_32,7.100000000000023,94.52777777777764,1.11111111111111,0.0,0.18730158730158708,0.26984126984126966,0.532304849586333,23.8,538015.0
1991_31_33,6.744444444444466,101.79999999999988,2.3333333333333335,0.0,0.319047619047619,0.20126984126984135,0.49344120963066707,23.8,538015.0
1991_32_34,6.1777777777777665,105.53333333333323,2.6666666666666665,0.0,0.5026984126984128,0.13968253968253966,0.445354043517333,23.8,538015.0
1991_33_35,8.055555555555545,101.07222222222227,2.3333333333333335,0.0,0.6674603174603178,0.12952380952380968,0.391863160529,23.8,538015.0
1991_34_36,11.888888888888866,80.51111111111116,1.11111111111111,0.4444444444444433,0.7812698412698413,0.14269841269841269,0.33615057162433304,23.8,538015.0
1991_35_37,9.811111111111101,68.9333333333334,0.7777777777777768,0.7777777777777767,0.782698412698413,0.196031746031746,0.300256264159,23.8,538015.0
1991_36_38,10.855555555555547,42.3555555555556,0.0,2.1111111111111103,0.7317460317460319,0.253333333333333,0.27492769611733303,23.8,538015.0
1992_18_20,8.633333333333331,31.588888888888903,0.3333333333333333,3.3333333333333335,0.6595238095238093,0.5180952380952384,0.166024669406,19.1,508062.0
1992_19_21,11.222222222222209,30.433333333333337,0.6666666666666666,3.6666666666666665,0.6477777777777777,0.5312698412698417,0.198990100626667,19.1,508062.0
1992_20_22,7.077777777777766,36.027777777777764,0.3333333333333333,3.0,0.645079365079365,0.5330158730158733,0.242921402981667,19.1,508062.0
1992_21_23,7.988888888888876,43.69999999999997,0.44444444444444436,2.3333333333333335,0.6236507936507936,0.5180952380952383,0.285633069912,19.1,508062.0
1992_22_24,3.033333333333329,58.772222222222204,0.44444444444444436,1.3333333333333333,0.6038095238095237,0.4814285714285716,0.324637732469333,19.1,508062.0
1992_23_25,7.44444444444444,59.699999999999996,0.5555555555555554,1.3333333333333333,0.5896825396825397,0.44269841269841304,0.36551052104733295,19.1,508062.0
1992_24_26,9.02222222222222,68.61111111111113,0.44444444444444436,0.4444444444444433,0.5314285714285717,0.41476190476190494,0.40198032769599995,19.1,508062.0
1992_25_27,9.11111111111111,59.91666666666669,0.11111111111111101,0.5555555555555544,0.427777777777778,0.37888888888888905,0.4320767978503329,19.1,508062.0
1992_26_28,7.67777777777778,63.37222222222223,0.0,0.11111111111111101,0.322698412698413,0.33666666666666667,0.45334112797,19.1,508062.0
1992_27_29,14.288888888888879,67.4611111111111,0.0,0.11111111111111101,0.29936507936507967,0.2807936507936507,0.4798139218163329,19.1,508062.0
1992_28_30,21.622222222222234,75.24999999999999,0.0,0.0,0.29634920634920664,0.2566666666666663,0.505776344765667,19.1,508062.0
1992_29_31,20.777777777777786,76.61666666666666,0.0,0.0,0.25761904761904764,0.2579365079365077,0.523184310626333,19.1,508062.0
1992_30_32,11.844444444444463,79.28333333333335,0.0,0.0,0.24634920634920632,0.23301587301587265,0.5263790422,19.1,508062.0
1992_31_33,5.599999999999997,81.53888888888886,0.5555555555555566,0.0,0.3074603174603173,0.18365079365079365,0.517542647911,19.1,508062.0
1992_32_34,9.20000000000001,76.74999999999999,0.8888888888888898,0.4444444444444433,0.43698412698412703,0.11714285714285712,0.488263919182333,19.1,508062.0
1992_33_35,15.044444444444466,62.39444444444447,0.8888888888888898,0.7777777777777767,0.4820634920634919,0.10650793650793682,0.437405136715667,19.1,508062.0
1992_34_36,19.3888888888889,44.77222222222223,0.3333333333333333,1.11111111111111,0.4444444444444447,0.13412698412698412,0.3850726963806671,19.1,508062.0
1992_35_37,22.066666666666666,34.377777777777766,0.0,1.4444444444444435,0.3753968253968257,0.193809523809524,0.34690365628799996,19.1,508062.0
1992_36_38,17.14444444444443,27.2222222222222,0.0,2.3333333333333335,0.418730158730159,0.26031746031746034,0.324596888994667,19.1,508062.0
1993_18_20,2.088888888888892,47.38333333333333,0.3333333333333333,2.111111111111112,0.7592063492063493,0.3382539682539684,0.23070935672499998,17.8,587372.0
1993_19_21,2.6555555555555554,33.844444444444434,0.3333333333333333,3.4444444444444464,0.722857142857143,0.31523809523809504,0.277262151625,17.8,587372.0
1993_20_22,3.4,28.1111111111111,0.0,3.77777777777778,0.6874603174603172,0.2898412698412696,0.30943079131733303,17.8,587372.0
1993_21_23,6.944444444444443,36.772222222222204,0.0,2.8888888888888897,0.6739682539682539,0.265238095238095,0.33729594858,17.8,587372.0
1993_22_24,7.76666666666667,53.4,0.0,1.4444444444444444,0.6726984126984127,0.25380952380952365,0.367242571519,17.8,587372.0
1993_23_25,28.94444444444444,60.29444444444443,0.0,0.11111111111111101,0.5263492063492063,0.3087301587301587,0.40325992308133296,17.8,587372.0
1993_24_26,55.06666666666664,61.477777777777796,0.0,0.11111111111111101,0.33666666666666667,0.4126984126984126,0.44355912228033295,17.8,587372.0
1993_25_27,56.388888888888864,58.2388888888889,0.0,0.0,0.16920634920634933,0.5376190476190477,0.483276660871333,17.8,587372.0
1993_26_28,45.06666666666666,61.14444444444447,0.0,0.0,0.13380952380952402,0.5995238095238093,0.5154359596436671,17.8,587372.0
1993_27_29,21.74444444444447,68.17777777777776,0.0,0.0,0.10777777777777776,0.6226984126984128,0.5371439781886671,17.8,587372.0
1993_28_30,19.40000000000001,78.15000000000003,0.11111111111111101,0.0,0.07253968253968239,0.5742857142857144,0.549757012275333,17.8,587372.0
1993_29_31,10.777777777777777,82.7944444444445,0.11111111111111101,0.0,0.05269841269841263,0.49746031746031766,0.557044536641667,17.8,587372.0
1993_30_32,6.866666666666677,80.33888888888893,0.11111111111111101,0.0,0.07142857142857152,0.3879365079365081,0.561878078078,17.8,587372.0
1993_31_33,17.433333333333334,77.30555555555557,0.0,0.0,0.09888888888888896,0.362063492063492,0.551280625362333,17.8,587372.0
1993_32_34,16.655555555555555,73.63333333333333,0.0,0.0,0.11507936507936507,0.3482539682539683,0.5126899689166671,17.8,587372.0
1993_33_35,18.188888888888886,60.78333333333336,0.0,0.11111111111111101,0.11841269841269841,0.35333333333333333,0.45756767820466704,17.8,587372.0
1993_34_36,13.511111111111122,48.05000000000003,0.0,0.5555555555555544,0.14761904761904768,0.30984126984126964,0.40368388915233294,17.8,587372.0
1993_35_37,12.933333333333344,32.355555555555576,0.0,2.222222222222221,0.2884126984126987,0.3044444444444439,0.3691179416256671,17.8,587372.0
1993_36_38,9.944444444444445,28.21666666666667,0.0,3.0,0.4649206349206351,0.30444444444444396,0.34423933933933304,17.8,587372.0
1994_18_20,10.744444444444442,31.53333333333333,0.0,2.8888888888888897,0.7588888888888891,0.3582539682539683,0.20579050893,20.9,652684.0
1994_19_21,15.855555555555563,44.333333333333336,0.0,1.3333333333333333,0.68984126984127,0.39095238095238094,0.250798522206667,20.9,652684.0
1994_20_22,19.944444444444464,52.86111111111111,0.0,0.5555555555555566,0.607936507936508,0.4347619047619047,0.30883074126800003,20.9,652684.0
1994_21_23,10.844444444444465,69.3,0.0,0.0,0.5425396825396827,0.4477777777777776,0.36861028396833295,20.9,652684.0
1994_22_24,15.666666666666698,61.50555555555553,0.0,0.11111111111111101,0.45952380952380967,0.46380952380952367,0.419096470154333,20.9,652684.0
1994_23_25,14.577777777777797,69.5611111111111,0.22222222222222232,0.11111111111111101,0.37809523809523826,0.46444444444444427,0.462799812970667,20.9,652684.0
1994_24_26,24.0777777777778,68.98888888888887,0.22222222222222232,0.11111111111111101,0.265714285714286,0.48222222222222233,0.5009969943626671,20.9,652684.0
1994_25_27,18.155555555555566,78.76111111111106,0.22222222222222232,0.0,0.23460317460317467,0.4603174603174603,0.534922838628,20.9,652684.0
1994_26_28,20.166666666666668,74.73333333333326,0.0,0.0,0.19285714285714298,0.4417460317460317,0.558669998946333,20.9,652684.0
1994_27_29,24.144444444444463,80.5222222222221,0.0,0.0,0.16634920634920633,0.44317460317460305,0.573135996523,20.9,652684.0
1994_28_30,22.100000000000012,88.44999999999989,0.22222222222222232,0.0,0.1295238095238096,0.4168253968253967,0.578761840788333,20.9,652684.0
1994_29_31,18.444444444444468,89.64999999999986,0.22222222222222232,0.0,0.12412698412698393,0.36587301587301607,0.576715689373667,20.9,652684.0
1994_30_32,6.677777777777784,80.66111111111105,0.22222222222222232,0.11111111111111101,0.1766666666666666,0.25984126984127004,0.561155047152333,20.9,652684.0
1994_31_33,5.722222222222226,76.86666666666663,0.3333333333333333,0.11111111111111101,0.2828571428571427,0.17349206349206367,0.528762501975667,20.9,652684.0
1994_32_34,5.566666666666673,72.66111111111114,0.3333333333333333,0.11111111111111101,0.442857142857143,0.11222222222222215,0.47630056372166707,20.9,652684.0
1994_33_35,8.411111111111126,65.59444444444445,0.3333333333333333,0.11111111111111101,0.6215873015873017,0.0869841269841269,0.42027660291866703,20.9,652684.0
1994_34_36,6.3555555555555685,61.80555555555557,0.0,0.11111111111111101,0.7214285714285716,0.09460317460317458,0.36175052684266706,20.9,652684.0
1994_35_37,4.8111111111111216,63.727777777777796,0.22222222222222232,0.22222222222222202,0.7744444444444444,0.10206349206349201,0.29632038090733304,20.9,652684.0
1994_36_38,0.27777777777777796,66.93888888888894,0.22222222222222232,0.7777777777777777,0.802063492063492,0.1007936507936507,0.231999251883667,20.9,652684.0
1995_18_20,1.2888888888888876,19.650000000000002,0.0,5.11111111111111,0.7385714285714284,0.3480952380952383,0.195284595121333,21.1,580443.0
1995_19_21,1.022222222222222,26.388888888888868,0.0,4.11111111111111,0.7755555555555554,0.31841269841269865,0.22795454928599998,21.1,580443.0
1995_20_22,2.8333333333333344,55.12777777777763,1.2222222222222232,2.5555555555555536,0.8093650793650794,0.2934920634920637,0.266220375638667,21.1,580443.0
1995_21_23,4.944444444444444,67.91666666666657,1.2222222222222232,1.5555555555555536,0.7707936507936507,0.2922222222222223,0.317538406828,21.1,580443.0
1995_22_24,11.288888888888899,96.83888888888869,2.111111111111113,0.4444444444444433,0.7112698412698414,0.29380952380952396,0.3870127285183329,21.1,580443.0
1995_23_25,10.655555555555566,89.51111111111102,0.8888888888888898,0.4444444444444433,0.6211111111111111,0.3060317460317463,0.447225417523,21.1,580443.0
1995_24_26,14.777777777777791,91.37777777777767,0.8888888888888898,0.0,0.5366666666666666,0.311587301587302,0.49851819451033297,21.1,580443.0
1995_25_27,8.622222222222224,78.72222222222219,0.0,0.0,0.46412698412698394,0.28904761904761933,0.541259667562333,21.1,580443.0
1995_26_28,8.67777777777778,79.74999999999996,0.0,0.0,0.471904761904762,0.23587301587301598,0.573592323903,21.1,580443.0
1995_27_29,8.211111111111114,83.2833333333333,0.0,0.0,0.5,0.17555555555555566,0.591264409146333,21.1,580443.0
1995_28_30,12.111111111111114,84.60000000000001,0.11111111111111101,0.0,0.49920634920634926,0.14253968253968266,0.589765894842333,21.1,580443.0
1995_29_31,11.044444444444444,84.8055555555556,0.7777777777777777,0.0,0.482063492063492,0.12333333333333356,0.586320776039333,21.1,580443.0
1995_30_32,22.455555555555577,83.85000000000004,0.7777777777777777,0.0,0.49904761904761896,0.1241269841269842,0.574867881039,21.1,580443.0
1995_31_33,25.066666666666677,83.29444444444447,0.6666666666666666,0.0,0.47285714285714264,0.20269841269841282,0.552921987777333,21.1,580443.0
1995_32_34,26.54444444444445,73.74444444444443,0.0,0.0,0.41952380952380924,0.28301587301587294,0.523076742532,21.1,580443.0
1995_33_35,14.222222222222188,74.01666666666664,0.0,0.0,0.363968253968254,0.34142857142857136,0.490116250461,21.1,580443.0
1995_34_36,7.211111111111087,64.25555555555553,0.0,0.4444444444444433,0.38539682539682524,0.3030158730158727,0.45651302881833294,21.1,580443.0
1995_35_37,6.1444444444444235,63.57777777777776,0.0,0.4444444444444433,0.46492063492063496,0.2563492063492064,0.421157209841333,21.1,580443.0
1995_36_38,1.1222222222222233,42.92222222222224,0.0,2.3333333333333335,0.6185714285714287,0.20619047619047637,0.3896699936776671,21.1,580443.0
1996_18_20,18.62222222222222,8.35000000000002,0.0,5.333333333333333,0.635079365079365,0.5277777777777777,0.168052929245,25.6,426203.0
1996_19_21,17.322222222222223,13.466666666666685,0.0,3.777777777777777,0.6166666666666667,0.57,0.177010647489333,25.6,426203.0
1996_20_22,19.31111111111112,33.97222222222223,0.0,1.4444444444444435,0.6136507936507937,0.6012698412698413,0.200914957062,25.6,426203.0
1996_21_23,5.666666666666675,62.10555555555556,0.7777777777777768,0.7777777777777768,0.622063492063492,0.6052380952380952,0.250533860175667,25.6,426203.0
1996_22_24,7.00000000000001,83.44444444444444,0.8888888888888878,0.0,0.633015873015873,0.5744444444444444,0.314566355829333,25.6,426203.0
1996_23_25,6.788888888888877,80.89444444444446,0.8888888888888878,0.0,0.5941269841269841,0.5566666666666666,0.386402436647,25.6,426203.0
1996_24_26,8.399999999999991,77.32222222222224,0.11111111111111101,0.0,0.5641269841269839,0.527142857142857,0.453414867499,25.6,426203.0
1996_25_27,19.844444444444434,79.88333333333334,0.3333333333333333,0.0,0.4428571428571426,0.5207936507936507,0.518025341130667,25.6,426203.0
1996_26_28,19.011111111111102,89.78888888888888,0.3333333333333333,0.0,0.32,0.5139682539682537,0.568947486960667,25.6,426203.0
1996_27_29,23.07777777777777,90.04444444444448,0.3333333333333333,0.0,0.200952380952381,0.5036507936507933,0.6023579632263331,25.6,426203.0
1996_28_30,24.211111111111098,83.93333333333334,0.0,0.0,0.16365079365079366,0.5031746031746029,0.620283106791,25.6,426203.0
1996_29_31,23.244444444444444,86.30555555555556,0.0,0.0,0.1293650793650793,0.49730158730158736,0.6266895474423331,25.6,426203.0
1996_30_32,20.844444444444445,84.38888888888887,0.0,0.0,0.09650793650793643,0.4782539682539683,0.625075248933333,25.6,426203.0
1996_31_33,8.133333333333333,86.1777777777778,0.0,0.0,0.10873015873015875,0.4025396825396823,0.619205242084333,25.6,426203.0
1996_32_34,5.355555555555557,80.73333333333336,0.0,0.0,0.17793650793650814,0.3001587301587296,0.5958338364679999,25.6,426203.0
1996_33_35,1.6444444444444455,89.8388888888888,0.8888888888888898,0.0,0.3150793650793653,0.19968253968253932,0.553995284758333,25.6,426203.0
1996_34_36,9.922222222222222,75.99444444444437,0.8888888888888898,0.0,0.4273015873015873,0.15158730158730135,0.494016340024,25.6,426203.0
1996_35_37,10.255555555555556,64.75555555555547,0.8888888888888898,0.4444444444444433,0.48285714285714265,0.14492063492063467,0.44100655919066706,25.6,426203.0
1996_36_38,17.222222222222232,46.305555555555564,0.0,0.4444444444444433,0.519047619047619,0.16587301587301567,0.3935166508613329,25.6,426203.0
1997_18_20,13.855555555555535,16.37777777777778,0.0,5.666666666666667,0.6223809523809524,0.5025396825396823,0.183481339234,26.0,613870.0
1997_19_21,12.766666666666644,18.5388888888889,0.0,4.333333333333333,0.6146031746031745,0.52,0.20123612033066698,26.0,613870.0
1997_20_22,6.322222222222211,34.1555555555556,0.0,3.1111111111111107,0.6222222222222222,0.5198412698412698,0.22967484063000002,26.0,613870.0
1997_21_23,7.733333333333344,62.96111111111113,0.0,1.0000000000000009,0.6344444444444443,0.49539682539682545,0.270545974922333,26.0,613870.0
1997_22_24,12.266666666666666,85.44444444444447,0.0,0.11111111111111101,0.6058730158730157,0.48634920634920603,0.323898069122,26.0,613870.0
1997_23_25,20.3111111111111,82.05,0.0,0.0,0.5417460317460316,0.5088888888888886,0.38970024234800005,26.0,613870.0
1997_24_26,20.5333333333333,74.60000000000001,0.0,0.0,0.4117460317460317,0.5623809523809523,0.47602066276833294,26.0,613870.0
1997_25_27,17.78888888888887,68.80555555555553,0.0,0.0,0.293174603174603,0.5646031746031747,0.552400015805333,26.0,613870.0
1997_26_28,15.699999999999969,79.79999999999987,0.11111111111111101,0.0,0.19714285714285698,0.526984126984127,0.608927622359,26.0,613870.0
1997_27_29,11.888888888888872,88.75555555555543,0.11111111111111101,0.0,0.16587301587301564,0.4438095238095237,0.632842987724333,26.0,613870.0
1997_28_30,12.133333333333317,98.311111111111,0.22222222222222202,0.0,0.16539682539682535,0.3574603174603173,0.640518479005333,26.0,613870.0
1997_29_31,6.033333333333336,98.51666666666665,0.11111111111111101,0.0,0.19571428571428565,0.2596825396825397,0.6322293266953329,26.0,613870.0
1997_30_32,12.200000000000003,97.33333333333337,1.0000000000000009,0.0,0.29317460317460325,0.17841269841269833,0.608645081924333,26.0,613870.0
1997_31_33,12.12222222222222,86.28888888888893,0.8888888888888898,0.0,0.3493650793650796,0.14571428571428569,0.560316693009,26.0,613870.0
1997_32_34,14.022222222222219,79.1166666666667,0.8888888888888898,0.0,0.3855555555555556,0.13857142857142835,0.502486349507667,26.0,613870.0
1997_33_35,10.899999999999986,76.50000000000004,0.22222222222222232,0.0,0.4082539682539683,0.1293650793650792,0.443642982456333,26.0,613870.0
1997_34_36,11.288888888888883,79.3555555555556,0.22222222222222232,0.22222222222222232,0.5214285714285714,0.12365079365079353,0.403672303883,26.0,613870.0
1997_35_37,9.377777777777766,73.76666666666671,0.44444444444444464,0.44444444444444464,0.635873015873016,0.1287301587301589,0.37521091617933294,26.0,613870.0
1997_36_38,20.433333333333298,51.36666666666667,0.22222222222222232,1.4444444444444446,0.6653968253968258,0.22746031746031767,0.3542819503713329,26.0,613870.0
1998_18_20,8.46666666666668,37.10000000000003,0.0,3.111111111111113,0.7112698412698414,0.49682539682539667,0.23964586165100002,25.8,752717.0
1998_19_21,8.30000000000001,45.0666666666667,0.0,2.111111111111113,0.640952380952381,0.5139682539682536,0.27892811495700004,25.8,752717.0
1998_20_22,6.977777777777786,49.98333333333337,0.0,1.6666666666666667,0.6017460317460319,0.4999999999999996,0.321527440598667,25.8,752717.0
1998_21_23,3.6777777777777767,45.70555555555557,0.0,2.3333333333333335,0.5755555555555557,0.47222222222222193,0.3558577788316671,25.8,752717.0
1998_22_24,2.5555555555555567,45.15,0.0,2.3333333333333335,0.600793650793651,0.4176190476190476,0.384737829935333,25.8,752717.0
1998_23_25,19.45555555555555,49.4,0.0,1.5555555555555565,0.4971428571428573,0.4088888888888889,0.42481011537866703,25.8,752717.0
1998_24_26,25.38888888888889,74.84444444444443,0.0,0.0,0.34523809523809534,0.43142857142857166,0.49135644065133294,25.8,752717.0
1998_25_27,26.299999999999997,81.54444444444444,0.0,0.0,0.19984126984127001,0.4512698412698413,0.563759765028333,25.8,752717.0
1998_26_28,22.55555555555556,99.05555555555553,0.4444444444444433,0.0,0.14492063492063498,0.4403174603174604,0.617569888309333,25.8,752717.0
1998_27_29,18.64444444444443,96.21666666666664,0.4444444444444433,0.0,0.12063492063492082,0.40412698412698406,0.635278794584,25.8,752717.0
1998_28_30,24.911111111111097,93.65555555555552,0.4444444444444433,0.0,0.09206349206349208,0.38412698412698404,0.6313112164796669,25.8,752717.0
1998_29_31,11.277777777777764,86.92222222222216,0.11111111111111101,0.0,0.12333333333333345,0.32333333333333336,0.607626808387333,25.8,752717.0
1998_30_32,9.422222222222222,96.45555555555553,0.8888888888888878,0.0,0.23619047619047626,0.23126984126984132,0.570463468731667,25.8,752717.0
1998_31_33,3.8333333333333335,100.09444444444439,1.4444444444444444,0.0,0.4193650793650794,0.13126984126984134,0.515755107739,25.8,752717.0
1998_32_34,5.522222222222223,98.97222222222221,1.3333333333333333,0.0,0.63015873015873,0.08714285714285715,0.4582935356406671,25.8,752717.0
1998_33_35,4.7,89.97222222222219,0.7777777777777789,0.0,0.7798412698412697,0.08063492063492063,0.405740461514,25.8,752717.0
1998_34_36,2.677777777777779,82.98888888888891,0.5555555555555557,0.0,0.8663492063492063,0.08269841269841267,0.3712950028976671,25.8,752717.0
1998_35_37,0.7555555555555556,80.27777777777781,0.5555555555555557,0.0,0.8938095238095237,0.07666666666666663,0.34846349244,25.8,752717.0
1998_36_38,3.0111111111111124,61.93333333333337,0.3333333333333333,0.4444444444444433,0.9042857142857139,0.07412698412698411,0.330095316369333,25.8,752717.0
1999_18_20,18.96666666666667,21.9222222222222,0.0,2.111111111111113,0.5941269841269841,0.6577777777777777,0.251187677151,28.5,739132.0
1999_19_21,11.655555555555557,37.1,0.0,1.1111111111111132,0.6015873015873017,0.6553968253968253,0.28845418576466697,28.5,739132.0
1999_20_22,8.477777777777758,50.91111111111113,0.0,0.5555555555555566,0.6000000000000001,0.6336507936507937,0.329259604341,28.5,739132.0
1999_21_23,14.333333333333323,63.855555555555604,0.0,0.0,0.5688888888888891,0.6226984126984131,0.37441142985066705,28.5,739132.0
1999_22_24,14.355555555555545,67.44444444444444,0.0,0.0,0.5299999999999999,0.6106349206349208,0.423410247089,28.5,739132.0
1999_23_25,20.377777777777744,64.12222222222223,0.0,0.0,0.4187301587301586,0.6049206349206351,0.473247321005,28.5,739132.0
1999_24_26,15.066666666666643,64.94444444444444,0.0,0.0,0.297142857142857,0.586031746031746,0.523237397924,28.5,739132.0
1999_25_27,27.47777777777773,64.19444444444447,0.0,0.0,0.17158730158730132,0.58,0.5702630024759999,28.5,739132.0
1999_26_28,31.577777777777765,69.6611111111111,0.0,0.0,0.12650793650793632,0.6028571428571426,0.613190042674333,28.5,739132.0
1999_27_29,31.944444444444432,82.66666666666677,0.0,0.0,0.10253968253968236,0.6134920634920632,0.640198890996333,28.5,739132.0
1999_28_30,21.244444444444458,84.20555555555568,0.11111111111111101,0.0,0.05746031746031736,0.5909523809523809,0.6481006190399999,28.5,739132.0
1999_29_31,18.800000000000022,85.688888888889,0.11111111111111101,0.0,0.03031746031746026,0.5250793650793653,0.638093780622333,28.5,739132.0
1999_30_32,15.8888888888889,76.25555555555553,0.11111111111111101,0.0,0.02158730158730156,0.47412698412698434,0.611513305410333,28.5,739132.0
1999_31_33,15.766666666666675,81.8722222222222,0.22222222222222232,0.0,0.040476190476190464,0.4325396825396826,0.577050089563,28.5,739132.0
1999_32_34,4.01111111111111,85.37222222222222,0.7777777777777789,0.0,0.0779365079365079,0.36380952380952397,0.542785633001333,28.5,739132.0
1999_33_35,3.02222222222222,79.33333333333337,0.7777777777777789,0.22222222222222232,0.16555555555555557,0.2642857142857143,0.4927679442600001,28.5,739132.0
1999_34_36,6.466666666666654,61.105555555555576,0.5555555555555566,0.44444444444444464,0.24730158730158733,0.18968253968253967,0.432974247932,28.5,739132.0
1999_35_37,7.344444444444431,42.65555555555554,0.0,1.3333333333333346,0.416984126984127,0.16238095238095232,0.36897483536166703,28.5,739132.0
1999_36_38,6.344444444444432,40.15555555555554,0.0,2.000000000000002,0.5973015873015873,0.1582539682539683,0.325287326800667,28.5,739132.0
2000_18_20,7.644444444444434,26.47777777777779,0.0,4.222222222222223,0.7103174603174601,0.40968253968254004,0.17692558874666697,26.4,653082.0
2000_19_21,21.3888888888889,26.533333333333356,0.0,3.666666666666669,0.6576190476190477,0.44714285714285734,0.207184142036667,26.4,653082.0
2000_20_22,21.43333333333334,39.6666666666667,0.0,1.8888888888888886,0.589047619047619,0.4987301587301587,0.24299444971266698,26.4,653082.0
2000_21_23,36.34444444444444,41.59444444444447,0.0,0.6666666666666656,0.546190476190476,0.5426984126984128,0.28649246878433304,26.4,653082.0
2000_22_24,20.29999999999999,42.677777777777806,0.0,0.4444444444444433,0.46984126984126967,0.5658730158730161,0.343473049365,26.4,653082.0
2000_23_25,41.03333333333331,51.050000000000004,0.0,0.0,0.3846031746031742,0.5884126984126987,0.412915091407,26.4,653082.0
2000_24_26,27.333333333333314,64.36111111111114,0.0,0.0,0.2888888888888887,0.6028571428571431,0.48591788630733296,26.4,653082.0
2000_25_27,50.622222222222206,77.58333333333337,0.0,0.0,0.265238095238095,0.6284126984126984,0.54815207576,26.4,653082.0
2000_26_28,35.944444444444436,87.24444444444447,0.0,0.0,0.19539682539682524,0.652222222222222,0.590399104367667,26.4,653082.0
2000_27_29,35.75555555555557,83.37222222222222,0.0,0.22222222222222232,0.12476190476190467,0.6557142857142857,0.612097086560333,26.4,653082.0
2000_28_30,12.877777777777787,92.99444444444443,0.8888888888888898,0.22222222222222232,0.0736507936507937,0.5901587301587304,0.612073531426333,26.4,653082.0
2000_29_31,11.833333333333352,93.28888888888888,0.8888888888888898,0.22222222222222232,0.10904761904761913,0.48380952380952397,0.5923826326330001,26.4,653082.0
2000_30_32,17.066666666666688,100.43333333333328,0.8888888888888898,0.0,0.13285714285714298,0.4133333333333334,0.560103045150667,26.4,653082.0
2000_31_33,17.655555555555576,83.1944444444444,0.0,0.0,0.14968253968253967,0.3777777777777777,0.52079881197,26.4,653082.0
2000_32_34,12.86666666666668,82.81666666666666,0.6666666666666666,0.0,0.2184126984126983,0.343968253968254,0.47632017016999995,26.4,653082.0
2000_33_35,5.2777777777777795,65.8666666666667,0.6666666666666666,0.5555555555555566,0.4193650793650792,0.28682539682539704,0.423461519414,26.4,653082.0
2000_34_36,4.333333333333333,63.85555555555556,0.6666666666666666,0.5555555555555566,0.5896825396825396,0.24841269841269867,0.36399246878433295,26.4,653082.0
2000_35_37,4.0888888888888895,50.56666666666666,0.0,0.8888888888888898,0.705079365079365,0.23190476190476236,0.313099017438333,26.4,653082.0
2000_36_38,3.6555555555555554,43.949999999999996,0.0,1.6666666666666667,0.7061904761904761,0.23396825396825435,0.269998034877,26.4,653082.0
2001_18_20,6.766666666666668,41.46666666666666,0.0,2.6666666666666656,0.7580952380952385,0.2996825396825397,0.188653874927667,21.7,555262.0
2001_19_21,6.5888888888888895,41.77222222222223,0.0,2.7777777777777786,0.7003174603174603,0.307142857142857,0.222664177335333,21.7,555262.0
2001_20_22,7.48888888888889,49.2777777777778,0.0,1.5555555555555565,0.6442857142857142,0.3034920634920633,0.265850671724333,21.7,555262.0
2001_21_23,6.677777777777789,55.694444444444436,0.0,1.4444444444444453,0.5969841269841271,0.29206349206349197,0.31826411411433303,21.7,555262.0
2001_22_24,7.844444444444456,57.049999999999976,0.0,0.44444444444444403,0.5634920634920636,0.2615873015873017,0.37538947895266706,21.7,555262.0
2001_23_25,11.7111111111111,63.39444444444441,0.0,0.33333333333333304,0.5082539682539684,0.22555555555555565,0.43240260260266705,21.7,555262.0
2001_24_26,12.066666666666634,59.83333333333331,0.0,0.33333333333333304,0.43095238095238103,0.20920634920634903,0.49124712870766707,21.7,555262.0
2001_25_27,11.466666666666635,73.96111111111114,0.11111111111111101,0.11111111111111101,0.441904761904762,0.17841269841269833,0.559361922448667,21.7,555262.0
2001_26_28,9.388888888888866,82.2944444444445,0.3333333333333333,0.11111111111111101,0.532857142857143,0.15761904761904766,0.598579355671333,21.7,555262.0
2001_27_29,17.222222222222197,98.96111111111107,0.6666666666666666,0.0,0.5788888888888889,0.14444444444444468,0.607015476002,21.7,555262.0
2001_28_30,26.111111111111068,99.34444444444436,0.6666666666666666,0.0,0.5074603174603173,0.19000000000000003,0.582479376745,21.7,555262.0
2001_29_31,23.96666666666663,104.6388888888889,1.3333333333333341,0.0,0.38111111111111096,0.23492063492063497,0.563956598704,21.7,555262.0
2001_30_32,12.366666666666646,96.36111111111124,1.444444444444444,0.22222222222222232,0.342222222222222,0.23571428571428568,0.5443439518466671,21.7,555262.0
2001_31_33,4.544444444444443,96.83333333333347,1.5555555555555554,0.22222222222222232,0.4196825396825397,0.18349206349206335,0.5136693430273329,21.7,555262.0
2001_32_34,5.133333333333334,92.34444444444448,1.111111111111109,0.22222222222222232,0.5296825396825396,0.13793650793650766,0.463391399294,21.7,555262.0
2001_33_35,4.07777777777778,91.75555555555555,0.999999999999999,0.11111111111111101,0.6873015873015874,0.114285714285714,0.4058908592803329,21.7,555262.0
2001_34_36,3.9333333333333336,82.04444444444441,0.7777777777777767,0.11111111111111101,0.810952380952381,0.10634920634920635,0.35227453506133294,21.7,555262.0
2001_35_37,2.81111111111111,63.19444444444439,0.3333333333333333,0.44444444444444436,0.8720634920634921,0.11222222222222233,0.312703337548,21.7,555262.0
2001_36_38,4.711111111111108,47.349999999999966,0.0,1.6666666666666667,0.8484126984126984,0.127619047619048,0.282405597703,21.7,555262.0
2002_18_20,0.9111111111111122,8.955555555555566,0.0,6.333333333333333,0.7268253968253967,0.267777777777778,0.15479713134166698,16.8,504481.0
2002_19_21,0.3444444444444447,19.144444444444463,0.0,5.333333333333333,0.772222222222222,0.23841269841269866,0.160251335545667,16.8,504481.0
2002_20_22,1.0666666666666689,40.833333333333336,0.0,3.3333333333333335,0.8149206349206346,0.21206349206349231,0.171492479321,16.8,504481.0
2002_21_23,11.57777777777777,55.93333333333333,0.0,1.3333333333333333,0.7920634920634919,0.22174603174603202,0.20195253147866699,16.8,504481.0
2002_22_24,17.433333333333316,67.51666666666664,0.0,0.0,0.686984126984127,0.2746031746031747,0.25424040619566696,16.8,504481.0
2002_23_25,21.422222222222203,69.55555555555553,0.11111111111111101,0.0,0.572063492063492,0.3373015873015874,0.32222109741333305,16.8,504481.0
2002_24_26,12.677777777777768,90.11666666666663,1.4444444444444444,0.0,0.4587301587301587,0.3431746031746033,0.3921709393603329,16.8,504481.0
2002_25_27,8.488888888888889,98.09444444444448,1.5555555555555554,0.0,0.40666666666666673,0.281587301587302,0.454087384753,16.8,504481.0
2002_26_28,4.455555555555557,109.76111111111102,2.5555555555555545,0.0,0.42015873015873034,0.18825396825396853,0.485794739476,16.8,504481.0
2002_27_29,11.588888888888889,104.40555555555538,1.7777777777777777,0.0,0.47428571428571437,0.12682539682539698,0.48842800431999994,16.8,504481.0
2002_28_30,13.222222222222234,108.62222222222199,2.222222222222223,0.0,0.4887301587301587,0.10968253968253965,0.475916432221667,16.8,504481.0
2002_29_31,12.755555555555567,88.61666666666655,1.1111111111111132,0.11111111111111101,0.49095238095238064,0.10095238095238095,0.47139332753799995,16.8,504481.0
2002_30_32,15.83333333333333,82.33888888888883,0.5555555555555566,0.11111111111111101,0.48634920634920603,0.11444444444444446,0.47903250092166705,16.8,504481.0
2002_31_33,26.211111111111098,68.15555555555554,0.0,0.11111111111111101,0.44793650793650763,0.16603174603174617,0.4956544307463329,16.8,504481.0
2002_32_34,30.088888888888864,79.61666666666667,0.22222222222222232,0.0,0.32809523809523805,0.24158730158730166,0.507961039987333,16.8,504481.0
2002_33_35,27.6111111111111,81.06111111111113,0.22222222222222232,0.0,0.2725396825396827,0.2817460317460317,0.511215246826,16.8,504481.0
2002_34_36,17.53333333333333,81.77777777777777,0.22222222222222232,0.0,0.37952380952380965,0.317142857142857,0.499902563089667,16.8,504481.0
2002_35_37,14.166666666666679,73.31111111111107,0.0,0.0,0.5238095238095241,0.34523809523809496,0.484623613087,16.8,504481.0
2002_36_38,6.300000000000012,56.499999999999964,0.0,0.3333333333333333,0.6263492063492063,0.38126984126984126,0.46488482693233296,16.8,504481.0
2003_18_20,11.377777777777757,34.694444444444464,0.0,3.0,0.643015873015873,0.5477777777777776,0.213166342658333,27.5,672664.0
2003_19_21,11.766666666666646,42.872222222222234,0.0,2.3333333333333335,0.5996825396825397,0.556984126984127,0.24405654601966698,27.5,672664.0
2003_20_22,10.88888888888888,59.405555555555566,0.0,1.4444444444444444,0.558888888888889,0.5487301587301586,0.276486844739333,27.5,672664.0
2003_21_23,8.944444444444446,61.64444444444444,0.0,0.8888888888888878,0.5253968253968253,0.532063492063492,0.305005552921333,27.5,672664.0
2003_22_24,10.11111111111111,70.49444444444443,0.0,0.11111111111111101,0.44301587301587303,0.506190476190476,0.351499554818,27.5,672664.0
2003_23_25,10.41111111111111,77.23888888888887,0.4444444444444433,0.0,0.347142857142857,0.447936507936508,0.40753504030366705,27.5,672664.0
2003_24_26,12.222222222222209,79.70555555555556,0.4444444444444433,0.0,0.2744444444444443,0.38396825396825407,0.469293340709333,27.5,672664.0
2003_25_27,20.666666666666668,80.38333333333337,0.4444444444444433,0.0,0.26079365079365063,0.327936507936508,0.5157037537536671,27.5,672664.0
2003_26_28,20.122222222222234,76.3166666666667,0.22222222222222232,0.0,0.21698412698412697,0.319206349206349,0.550462259628,27.5,672664.0
2003_27_29,16.022222222222243,85.3166666666667,0.22222222222222232,0.0,0.17634920634920634,0.2890476190476186,0.571382324429667,27.5,672664.0
2003_28_30,6.222222222222236,92.2777777777779,0.6666666666666656,0.0,0.215873015873016,0.22380952380952332,0.568521521521667,27.5,672664.0
2003_29_31,4.633333333333336,98.75555555555557,0.5555555555555544,0.0,0.35031746031746036,0.14253968253968222,0.543299275591333,27.5,672664.0
2003_30_32,7.055555555555557,101.64444444444443,0.6666666666666653,0.0,0.5,0.08317460317460303,0.503045247879333,27.5,672664.0
2003_31_33,6.944444444444444,111.39444444444443,2.333333333333332,0.0,0.63,0.05825396825396827,0.45996709340899994,27.5,672664.0
2003_32_34,6.033333333333334,112.05555555555577,3.2222222222222214,0.0,0.771111111111111,0.0458730158730159,0.41034212106833295,27.5,672664.0
2003_33_35,9.033333333333333,99.80555555555577,3.1111111111111103,0.0,0.8376190476190476,0.07666666666666677,0.3549157367893329,27.5,672664.0
2003_34_36,10.722222222222221,81.28333333333343,1.2222222222222223,0.0,0.8314285714285714,0.13666666666666685,0.306070873505,27.5,672664.0
2003_35_37,14.1,67.85555555555554,0.44444444444444464,0.3333333333333333,0.7725396825396826,0.194761904761905,0.274548590696,27.5,672664.0
2003_36_38,11.044444444444432,51.14444444444444,0.44444444444444464,1.2222222222222232,0.7277777777777775,0.2550793650793653,0.259770968336667,27.5,672664.0
2004_18_20,6.01111111111112,5.516666666666667,0.0,6.333333333333333,0.6536507936507937,0.5038095238095237,0.0980069780306667,22.0,704536.0
2004_19_21,3.299999999999997,11.605555555555556,0.0,5.555555555555557,0.675238095238095,0.484126984126984,0.110072282809333,22.0,704536.0
2004_20_22,9.355555555555554,20.505555555555567,0.0,4.11111111111111,0.6979365079365077,0.47063492063492035,0.122974519256333,22.0,704536.0
2004_21_23,17.144444444444442,40.85555555555553,0.0,2.111111111111111,0.6809523809523811,0.49222222222222206,0.149729102787333,22.0,704536.0
2004_22_24,26.133333333333336,43.89999999999997,0.0,0.9999999999999988,0.6385714285714287,0.5415873015873017,0.19385470997333298,22.0,704536.0
2004_23_25,28.399999999999995,49.18888888888883,0.0,0.33333333333333304,0.562063492063492,0.613809523809524,0.25778743480333305,22.0,704536.0
2004_24_26,20.366666666666667,43.15555555555553,0.0,0.5555555555555554,0.5130158730158727,0.6492063492063492,0.339734547705667,22.0,704536.0
2004_25_27,16.5777777777778,55.333333333333336,0.0,0.44444444444444436,0.49222222222222206,0.643968253968254,0.422921442495333,22.0,704536.0
2004_26_28,14.4555555555556,63.53333333333334,0.0,0.44444444444444436,0.43238095238095237,0.6107936507936507,0.49643877034966705,22.0,704536.0
2004_27_29,26.57777777777783,82.38333333333334,0.0,0.11111111111111101,0.327777777777778,0.603968253968254,0.5479295506033329,22.0,704536.0
2004_28_30,25.3555555555556,86.97777777777776,0.0,0.11111111111111101,0.20206349206349236,0.6130158730158729,0.584350840314,22.0,704536.0
2004_29_31,19.677777777777802,84.7111111111111,0.0,0.0,0.15047619047619065,0.5855555555555556,0.609093583056667,22.0,704536.0
2004_30_32,10.7777777777778,77.41666666666667,0.0,0.0,0.14460317460317465,0.5055555555555556,0.623824795848667,22.0,704536.0
2004_31_33,8.100000000000009,69.98333333333333,0.0,0.0,0.144126984126984,0.4160317460317459,0.618573044097,22.0,704536.0
2004_32_34,11.933333333333342,61.44444444444448,0.0,0.5555555555555566,0.15444444444444436,0.3546031746031746,0.5898555213109999,22.0,704536.0
2004_33_35,19.322222222222212,50.32222222222223,0.0,0.5555555555555566,0.148253968253968,0.36412698412698435,0.536172688478,22.0,704536.0
2004_34_36,22.977777777777764,47.7388888888889,0.0,0.5555555555555566,0.14539682539682533,0.37984126984127004,0.48339434697833294,22.0,704536.0
2004_35_37,23.711111111111098,40.50555555555557,0.0,0.8888888888888898,0.12222222222222201,0.4166666666666667,0.43634658869366705,22.0,704536.0
2004_36_38,14.300000000000002,40.4,0.0,1.1111111111111118,0.115079365079365,0.4130158730158726,0.398847639744667,22.0,704536.0
2005_18_20,8.566666666666675,33.89999999999997,0.0,4.000000000000003,0.7146031746031746,0.4176190476190477,0.25622982982966697,35.2,684814.0
2005_19_21,13.200000000000008,34.78888888888887,0.0,2.4444444444444455,0.6823809523809524,0.45317460317460306,0.266549236078333,35.2,684814.0
2005_20_22,22.744444444444465,48.555555555555564,0.0,0.22222222222222232,0.6163492063492063,0.517301587301587,0.290183441336333,35.2,684814.0
2005_21_23,16.7888888888889,44.611111111111136,0.0,0.0,0.5604761904761907,0.569365079365079,0.333860731784667,35.2,684814.0
2005_22_24,30.788888888888902,61.04444444444443,0.0,0.0,0.522857142857143,0.6065079365079363,0.402413408145,35.2,684814.0
2005_23_25,24.9111111111111,66.0722222222222,0.0,0.11111111111111101,0.4304761904761903,0.643174603174603,0.481705834782,35.2,684814.0
2005_24_26,27.788888888888867,72.82777777777773,0.0,0.11111111111111101,0.33682539682539664,0.6557142857142857,0.560234721563333,35.2,684814.0
2005_25_27,11.433333333333314,81.6833333333332,0.4444444444444433,0.11111111111111101,0.22365079365079366,0.636190476190476,0.625979337231667,35.2,684814.0
2005_26_28,13.066666666666682,92.6944444444443,0.4444444444444433,0.0,0.18714285714285736,0.551904761904762,0.6683084716293329,35.2,684814.0
2005_27_29,10.54444444444447,93.36111111111097,0.4444444444444433,0.0,0.14714285714285735,0.465873015873016,0.685252628944667,35.2,684814.0
2005_28_30,7.800000000000022,80.53888888888886,0.22222222222222232,0.0,0.169047619047619,0.3611111111111113,0.6814323507716671,35.2,684814.0
2005_29_31,2.1999999999999997,81.06666666666653,0.7777777777777789,0.0,0.2544444444444443,0.26698412698412705,0.670364248459,35.2,684814.0
2005_30_32,3.488888888888887,74.16666666666657,0.7777777777777789,0.0,0.3876190476190473,0.181904761904762,0.644967575470333,35.2,684814.0
2005_31_33,11.688888888888888,67.70555555555542,0.5555555555555566,0.11111111111111101,0.4198412698412697,0.156825396825397,0.60678776408,35.2,684814.0
2005_32_34,27.11111111111111,58.333333333333336,0.0,0.11111111111111101,0.33730158730158727,0.22222222222222265,0.5606769690743331,35.2,684814.0
2005_33_35,35.055555555555536,62.25,0.0,0.22222222222222202,0.1912698412698414,0.33587301587301593,0.523852110004667,35.2,684814.0
2005_34_36,49.633333333333326,69.00000000000004,0.0,0.11111111111111101,0.18333333333333343,0.47349206349206363,0.49365776829466707,35.2,684814.0
2005_35_37,37.74444444444443,54.28333333333336,0.0,0.5555555555555544,0.2471428571428571,0.5882539682539684,0.4574414519783329,35.2,684814.0
2005_36_38,29.244444444444454,43.2777777777778,0.0,1.22222222222222,0.338888888888889,0.6606349206349209,0.420455510774,35.2,684814.0
2006_18_20,5.233333333333333,35.24444444444447,0.0,2.888888888888887,0.5885714285714283,0.7323809523809527,0.25744091459866697,28.9,587057.0
2006_19_21,10.422222222222201,42.35000000000003,0.22222222222222232,2.1111111111111103,0.5580952380952381,0.712857142857143,0.28234948105999996,28.9,587057.0
2006_20_22,16.8222222222222,59.883333333333404,0.44444444444444464,0.6666666666666666,0.5057142857142857,0.727936507936508,0.322252452452667,28.9,587057.0
2006_21_23,23.211111111111098,61.91111111111116,0.44444444444444464,0.0,0.39968253968253964,0.745079365079365,0.37363597544933297,28.9,587057.0
2006_22_24,21.244444444444433,73.00000000000003,0.22222222222222232,0.0,0.263809523809524,0.741111111111111,0.42243902850233295,28.9,587057.0
2006_23_25,15.866666666666653,76.5611111111111,0.0,0.0,0.15301587301587333,0.6836507936507937,0.46239769242933293,28.9,587057.0
2006_24_26,9.833333333333309,89.61666666666667,0.22222222222222232,0.0,0.13333333333333366,0.5952380952380955,0.4960817001213329,28.9,587057.0
2006_25_27,4.766666666666663,92.97777777777772,0.44444444444444436,0.0,0.16396825396825432,0.4760317460317463,0.5311152626313329,28.9,587057.0
2006_26_28,6.600000000000009,96.69999999999993,0.5555555555555554,0.0,0.21349206349206365,0.35904761904761934,0.561069074337667,28.9,587057.0
2006_27_29,6.788888888888896,99.63888888888893,0.6666666666666664,0.0,0.2925396825396826,0.26523809523809533,0.579549971023667,28.9,587057.0
2006_28_30,7.666666666666676,96.9444444444445,0.44444444444444436,0.0,0.42111111111111094,0.19523809523809502,0.58263003003,28.9,587057.0
2006_29_31,9.377777777777776,89.77222222222231,0.3333333333333333,0.0,0.49349206349206326,0.15253968253968234,0.570722351298667,28.9,587057.0
2006_30_32,14.466666666666667,86.14444444444445,0.0,0.0,0.49587301587301563,0.14619047619047598,0.5450065644593329,28.9,587057.0
2006_31_33,12.488888888888889,85.70000000000003,0.0,0.0,0.551269841269841,0.16412698412698398,0.509271640061333,28.9,587057.0
2006_32_34,7.633333333333336,87.42222222222227,0.0,0.0,0.6523809523809522,0.176190476190476,0.472076976977333,28.9,587057.0
2006_33_35,3.7555555555555564,83.30555555555556,0.22222222222222232,0.0,0.7815873015873015,0.17825396825396833,0.438590790791,28.9,587057.0
2006_34_36,3.233333333333333,74.75555555555557,0.3333333333333333,0.5555555555555566,0.7988888888888889,0.1736507936507937,0.4084007244086671,28.9,587057.0
2006_35_37,29.933333333333355,59.916666666666664,0.3333333333333333,0.6666666666666675,0.776031746031746,0.22984126984126965,0.37018745060833297,28.9,587057.0
2006_36_38,29.03333333333336,42.0777777777778,0.11111111111111101,1.6666666666666676,0.7004761904761904,0.36476190476190434,0.333227108687667,28.9,587057.0
2007_18_20,3.666666666666663,42.88888888888889,0.0,2.5555555555555536,0.6441269841269843,0.598253968253968,0.251676497550333,25.8,751245.0
2007_19_21,12.399999999999999,34.66111111111113,0.0,2.888888888888887,0.5982539682539684,0.6046031746031744,0.276605347453,25.8,751245.0
2007_20_22,18.51111111111111,40.1055555555556,0.0,2.1111111111111103,0.5436507936507936,0.6244444444444444,0.299800605869333,25.8,751245.0
2007_21_23,19.866666666666667,45.38333333333336,0.0,0.9999999999999988,0.49412698412698397,0.642063492063492,0.326119785575333,25.8,751245.0
2007_22_24,21.122222222222234,62.10555555555559,0.0,0.22222222222222202,0.41063492063492063,0.6152380952380954,0.35698671039466706,25.8,751245.0
2007_23_25,21.522222222222236,62.73333333333337,0.0,0.22222222222222202,0.29015873015873,0.6144444444444442,0.4001403298036671,25.8,751245.0
2007_24_26,31.222222222222232,68.48333333333336,0.0,0.0,0.183015873015873,0.6260317460317459,0.45493848585433294,25.8,751245.0
2007_25_27,21.211111111111112,78.8888888888888,0.3333333333333333,0.0,0.12984126984126965,0.624126984126984,0.5154372108953329,25.8,751245.0
2007_26_28,20.088888888888878,83.711111111111,0.3333333333333333,0.0,0.11333333333333329,0.5636507936507936,0.565831628997333,25.8,751245.0
2007_27_29,9.577777777777767,98.6333333333331,0.44444444444444436,0.0,0.12079365079365062,0.4636507936507937,0.6000689268213331,25.8,751245.0
2007_28_30,7.699999999999991,104.18888888888877,1.4444444444444444,0.0,0.20793650793650764,0.3531746031746033,0.616018829355333,25.8,751245.0
2007_29_31,5.27777777777779,108.97777777777766,1.7777777777777777,0.0,0.3276190476190473,0.26238095238095266,0.6133459406773331,25.8,751245.0
2007_30_32,6.900000000000013,98.64999999999999,1.6666666666666667,0.0,0.43365079365079334,0.19841269841269868,0.594125291080333,25.8,751245.0
2007_31_33,7.711111111111123,79.56111111111113,0.3333333333333333,0.22222222222222232,0.515238095238095,0.16253968253968265,0.561018863600333,25.8,751245.0
2007_32_34,7.444444444444447,65.34444444444448,0.0,0.22222222222222232,0.643174603174603,0.144920634920635,0.520273686844667,25.8,751245.0
2007_33_35,5.133333333333334,61.361111111111136,0.0,0.22222222222222232,0.7674603174603174,0.142857142857143,0.47891947473800006,25.8,751245.0
2007_34_36,8.477777777777758,56.8111111111111,0.0,0.11111111111111101,0.826984126984127,0.16650793650793663,0.44259179179200003,25.8,751245.0
2007_35_37,6.444444444444424,46.127777777777766,0.0,1.8888888888888877,0.796031746031746,0.19126984126984134,0.41232175333233295,25.8,751245.0
2007_36_38,7.21111111111109,30.066666666666663,0.0,2.888888888888888,0.7609523809523809,0.213968253968254,0.37958370475733294,25.8,751245.0
2008_18_20,1.2111111111111101,17.438888888888886,0.0,5.444444444444446,0.7431746031746034,0.29857142857142865,0.181595076655667,35.4,871346.0
2008_19_21,2.71111111111111,27.67222222222223,0.0,4.000000000000003,0.7679365079365078,0.28253968253968265,0.20035206522333301,35.4,871346.0
2008_20_22,3.577777777777777,45.22222222222223,0.0,2.6666666666666696,0.7834920634920634,0.270952380952381,0.23079444707866698,35.4,871346.0
2008_21_23,6.488888888888899,48.400000000000006,0.0,2.000000000000002,0.7628571428571426,0.2685714285714287,0.271157404773,35.4,871346.0
2008_22_24,9.511111111111132,51.97777777777776,0.0,1.5555555555555554,0.701111111111111,0.2846031746031747,0.322732877614333,35.4,871346.0
2008_23_25,10.35555555555558,61.20555555555553,0.0,0.6666666666666656,0.6323809523809524,0.300952380952381,0.39066091354500004,35.4,871346.0
2008_24_26,11.422222222222246,71.36111111111113,0.0,0.4444444444444433,0.5438095238095237,0.3092063492063493,0.475131568410667,35.4,871346.0
2008_25_27,7.777777777777789,86.86666666666669,0.6666666666666666,0.0,0.46047619047619043,0.26825396825396836,0.548843709499,35.4,871346.0
2008_26_28,18.244444444444444,81.25000000000007,0.6666666666666666,0.0,0.373015873015873,0.2512698412698413,0.595093793794,35.4,871346.0
2008_27_29,18.377777777777776,78.27777777777784,0.6666666666666666,0.0,0.3212698412698413,0.245079365079365,0.611308479532333,35.4,871346.0
2008_28_30,26.866666666666664,81.51111111111128,0.0,0.0,0.29746031746031765,0.2596825396825397,0.624354006638333,35.4,871346.0
2008_29_31,19.51111111111113,88.1444444444446,0.0,0.0,0.26825396825396836,0.25142857142857133,0.645539729203,35.4,871346.0
2008_30_32,14.822222222222232,92.60000000000014,0.0,0.0,0.30587301587301563,0.2093650793650793,0.636773420789333,35.4,871346.0
2008_31_33,12.333333333333334,90.5333333333334,0.11111111111111101,0.0,0.33206349206349167,0.18507936507936498,0.606815591908,35.4,871346.0
2008_32_34,7.933333333333324,91.23333333333336,0.5555555555555544,0.11111111111111101,0.39507936507936464,0.14222222222222233,0.5556003187399999,35.4,871346.0
2008_33_35,9.444444444444434,85.81111111111117,0.8888888888888876,0.11111111111111101,0.4290476190476187,0.11920634920634925,0.4980937279386671,35.4,871346.0
2008_34_36,3.4666666666666663,68.15555555555557,0.7777777777777767,0.11111111111111101,0.547301587301587,0.0784126984126985,0.43016101891366704,35.4,871346.0
2008_35_37,3.5555555555555536,54.23333333333337,0.3333333333333333,0.8888888888888898,0.7039682539682536,0.06063492063492063,0.36464122280166705,35.4,871346.0
2008_36_38,1.51111111111111,42.7388888888889,0.0,1.6666666666666667,0.8371428571428569,0.050952380952380964,0.329660086402,35.4,871346.0
2009_18_20,2.8888888888888875,16.255555555555556,0.0,5.555555555555557,0.7084126984126984,0.4036507936507933,0.163266990675,35.4,778593.0
2009_19_21,4.0333333333333306,19.97777777777777,0.0,5.111111111111113,0.726984126984127,0.388253968253968,0.171782100521667,35.4,778593.0
2009_20_22,4.61111111111111,27.538888888888867,0.0,4.444444444444446,0.7382539682539679,0.3776190476190473,0.192996296296333,35.4,778593.0
2009_21_23,5.666666666666664,27.427777777777766,0.0,4.111111111111113,0.7468253968253967,0.36904761904761907,0.225966266266333,35.4,778593.0
2009_22_24,6.055555555555554,38.622222222222234,0.22222222222222232,3.0,0.7111111111111111,0.3631746031746033,0.261798071756,35.4,778593.0
2009_23_25,13.522222222222206,56.833333333333336,0.3333333333333333,2.0,0.6661904761904759,0.3509523809523814,0.303489557979,35.4,778593.0
2009_24_26,12.055555555555545,77.93888888888891,0.3333333333333333,0.7777777777777768,0.5857142857142855,0.36047619047619067,0.36471052895000006,35.4,778593.0
2009_25_27,12.122222222222211,84.86111111111113,0.11111111111111101,0.0,0.4633333333333332,0.34523809523809534,0.44652037300466707,35.4,778593.0
2009_26_28,11.322222222222242,71.61666666666669,0.0,0.0,0.348730158730159,0.32984126984126966,0.54070711501,35.4,778593.0
2009_27_29,22.733333333333373,66.41666666666667,0.0,0.0,0.2501587301587303,0.317142857142857,0.6028587113430001,35.4,778593.0
2009_28_30,22.877777777777823,72.84444444444443,0.0,0.0,0.24365079365079367,0.304285714285714,0.617429279279333,35.4,778593.0
2009_29_31,19.31111111111112,75.90555555555557,0.0,0.0,0.22634920634920633,0.28269841269841267,0.600172348664333,35.4,778593.0
2009_30_32,8.555555555555545,76.1666666666667,0.0,0.0,0.260952380952381,0.21904761904761896,0.579041720668,35.4,778593.0
2009_31_33,23.944444444444454,71.38333333333337,0.22222222222222232,0.0,0.311746031746032,0.18206349206349196,0.573608482166333,35.4,778593.0
2009_32_34,23.211111111111123,70.62222222222223,0.22222222222222232,0.0,0.2811111111111113,0.23174603174603167,0.566274616722,35.4,778593.0
2009_33_35,22.433333333333348,69.0777777777778,0.22222222222222232,0.0,0.22936507936507966,0.2733333333333334,0.551619308782333,35.4,778593.0
2009_34_36,5.27777777777777,75.64444444444443,0.0,0.0,0.17920634920634934,0.2793650793650793,0.519544973921,35.4,778593.0
2009_35_37,1.588888888888891,76.6388888888889,0.0,0.0,0.26936507936507964,0.19190476190476166,0.47481619777633294,35.4,778593.0
2009_36_38,2.677777777777775,84.01666666666664,0.3333333333333333,0.0,0.4133333333333333,0.11619047619047594,0.42377625783666706,35.4,778593.0
2010_18_20,8.344444444444443,41.933333333333344,0.11111111111111101,2.6666666666666665,0.6017460317460316,0.7152380952380953,0.16240638006400002,27.6,661924.0
2010_19_21,22.000000000000018,46.444444444444464,0.11111111111111101,0.8888888888888898,0.5838095238095237,0.7325396825396827,0.195874777409,27.6,661924.0
2010_20_22,30.30000000000003,49.59444444444447,0.11111111111111101,0.6666666666666675,0.5309523809523807,0.7919047619047621,0.23987615246833302,27.6,661924.0
2010_21_23,29.30000000000003,40.91666666666671,0.0,0.6666666666666675,0.4614285714285713,0.8661904761904764,0.284224158369,27.6,661924.0
2010_22_24,24.166666666666668,63.62222222222227,0.0,0.11111111111111101,0.39809523809523834,0.8836507936507938,0.322044025604667,27.6,661924.0
2010_23_25,25.588888888888864,74.32222222222227,0.0,0.0,0.2801587301587305,0.8661904761904761,0.357502059955,27.6,661924.0
2010_24_26,27.344444444444434,89.85555555555557,0.0,0.0,0.16317460317460342,0.8426984126984124,0.409066774669667,27.6,661924.0
2010_25_27,24.166666666666668,87.87777777777778,0.0,0.0,0.07952380952380954,0.821269841269841,0.456153990833,27.6,661924.0
2010_26_28,20.822222222222234,86.21666666666663,0.0,0.0,0.04317460317460317,0.7779365079365078,0.49100202571,27.6,661924.0
2010_27_29,20.177777777777766,84.73888888888887,0.0,0.0,0.006349206349206334,0.7230158730158731,0.49790565828999994,27.6,661924.0
2010_28_30,16.299999999999986,91.8722222222222,0.0,0.0,-0.0165079365079365,0.6415873015873017,0.49880529213433294,27.6,661924.0
2010_29_31,13.966666666666654,95.89444444444446,0.0,0.0,0.001428571428571433,0.5634920634920636,0.48666308413666703,27.6,661924.0
2010_30_32,23.011111111111088,94.1777777777778,0.0,0.0,0.024126984126984136,0.5231746031746033,0.48471178810366705,27.6,661924.0
2010_31_33,24.677777777777766,83.52222222222224,0.0,0.0,0.07031746031746017,0.513015873015873,0.49109646751999997,27.6,661924.0
2010_32_34,22.633333333333322,74.8777777777778,0.0,0.0,0.21571428571428544,0.5303174603174603,0.490139270849667,27.6,661924.0
2010_33_35,13.955555555555554,63.355555555555576,0.0,0.0,0.43158730158730146,0.5295238095238094,0.44615146198833294,27.6,661924.0
2010_34_36,28.455555555555552,53.377777777777794,0.0,0.0,0.588253968253968,0.5676190476190474,0.3811839866183329,27.6,661924.0
2010_35_37,27.066666666666666,33.77222222222223,0.0,1.88888888888889,0.6255555555555554,0.6201587301587296,0.324711724883,27.6,661924.0
2010_36_38,24.988888888888898,25.722222222222232,0.0,2.5555555555555567,0.5841269841269839,0.6801587301587295,0.29772259364633297,27.6,661924.0
2011_18_20,3.2999999999999994,40.555555555555536,0.0,3.22222222222222,0.6765079365079368,0.6596825396825396,0.20477854960233302,35.0,1178468.0
2011_19_21,1.888888888888889,41.9222222222222,0.0,3.1111111111111103,0.7003174603174603,0.6336507936507934,0.234317035456333,35.0,1178468.0
2011_20_22,2.966666666666667,47.127777777777766,0.0,2.0,0.678888888888889,0.604126984126984,0.267520989410333,35.0,1178468.0
2011_21_23,3.3888888888888897,41.53333333333333,0.0,2.222222222222222,0.6444444444444444,0.5728571428571426,0.29470262367633304,35.0,1178468.0
2011_22_24,16.20000000000002,61.19999999999997,0.0,0.8888888888888887,0.5755555555555557,0.5742857142857143,0.321355595069,35.0,1178468.0
2011_23_25,27.177777777777788,76.09444444444443,0.0,0.22222222222222202,0.4353968253968256,0.6095238095238092,0.368066819451,35.0,1178468.0
2011_24_26,27.533333333333346,86.53888888888883,0.11111111111111101,0.0,0.2790476190476193,0.6304761904761903,0.452394584057667,35.0,1178468.0
2011_25_27,17.67777777777778,89.2333333333333,0.11111111111111101,0.0,0.18079365079365098,0.588095238095238,0.531525270006667,35.0,1178468.0
2011_26_28,8.633333333333345,93.38888888888887,0.11111111111111101,0.0,0.172063492063492,0.5046031746031746,0.59464367262,35.0,1178468.0
2011_27_29,18.5888888888889,89.6944444444445,0.3333333333333333,0.0,0.164126984126984,0.442857142857143,0.621177559138,35.0,1178468.0
2011_28_30,23.86666666666667,88.97777777777783,0.3333333333333333,0.0,0.09777777777777759,0.452857142857143,0.636819485274667,35.0,1178468.0
2011_29_31,23.644444444444446,88.04444444444447,0.44444444444444436,0.0,0.07015873015873007,0.43809523809523837,0.6336317370000001,35.0,1178468.0
2011_30_32,14.255555555555555,91.98888888888887,0.11111111111111101,0.0,0.06460317460317466,0.41000000000000036,0.618087023866,35.0,1178468.0
2011_31_33,6.733333333333337,88.1611111111111,0.11111111111111101,0.0,0.11761904761904773,0.3155555555555557,0.594894370686667,35.0,1178468.0
2011_32_34,4.86666666666667,87.93333333333334,0.3333333333333333,0.0,0.23476190476190492,0.23285714285714268,0.556719516885667,35.0,1178468.0
2011_33_35,7.899999999999991,77.92777777777776,0.3333333333333333,0.11111111111111101,0.454920634920635,0.18984126984126967,0.506384336968667,35.0,1178468.0
2011_34_36,6.6555555555555435,84.37777777777777,1.4444444444444435,0.11111111111111101,0.6585714285714286,0.18523809523809534,0.4500695511300001,35.0,1178468.0
2011_35_37,6.088888888888877,64.45555555555553,1.11111111111111,1.111111111111111,0.791111111111111,0.20730158730158768,0.39997930035266704,35.0,1178468.0
2011_36_38,1.7222222222222212,62.85555555555556,1.4444444444444435,1.6666666666666667,0.8141269841269839,0.20873015873015902,0.35297114746299996,35.0,1178468.0
2012_18_20,6.322222222222233,37.0111111111111,0.0,2.3333333333333304,0.6693650793650794,0.49984126984127,0.18671453822266698,22.7,1011906.0
2012_19_21,12.955555555555568,39.20555555555557,0.0,2.3333333333333304,0.6569841269841271,0.5201587301587304,0.215581139034,22.7,1011906.0
2012_20_22,15.977777777777789,42.583333333333364,0.0,1.8888888888888868,0.6139682539682542,0.5385714285714287,0.25131056582899997,22.7,1011906.0
2012_21_23,26.355555555555554,53.361111111111136,0.0,1.4444444444444435,0.5511111111111114,0.5673015873015874,0.29058339392,22.7,1011906.0
2012_22_24,24.97777777777776,62.77222222222224,0.0,0.3333333333333333,0.4846031746031747,0.604126984126984,0.335152765923667,22.7,1011906.0
2012_23_25,23.066666666666645,64.37222222222219,0.0,0.0,0.35444444444444434,0.6239682539682541,0.39038178178166705,22.7,1011906.0
2012_24_26,21.211111111111077,72.28888888888876,0.11111111111111101,0.0,0.22730158730158703,0.626984126984127,0.456682416627,22.7,1011906.0
2012_25_27,16.644444444444414,88.4222222222221,0.11111111111111101,0.0,0.14730158730158702,0.5723809523809523,0.5291694800060001,22.7,1011906.0
2012_26_28,22.488888888888837,104.0,0.7777777777777777,0.0,0.17603174603174598,0.4885714285714284,0.5771991833936669,22.7,1011906.0
2012_27_29,27.5,103.10000000000008,0.6666666666666666,0.0,0.15730158730158736,0.46492063492063473,0.603618695010667,22.7,1011906.0
2012_28_30,24.100000000000012,102.3722222222223,0.6666666666666666,0.0,0.13396825396825404,0.43142857142857133,0.611555508139667,22.7,1011906.0
2012_29_31,32.32222222222228,94.70555555555553,0.0,0.0,0.11698412698412704,0.442222222222222,0.614635301090667,22.7,1011906.0
2012_30_32,19.16666666666669,91.4777777777778,0.0,0.0,0.12000000000000004,0.413015873015873,0.595609369896333,22.7,1011906.0
2012_31_33,24.222222222222243,83.07222222222227,0.0,0.0,0.1185714285714287,0.4134920634920633,0.562213236921333,22.7,1011906.0
2012_32_34,15.255555555555544,83.85000000000004,0.0,0.0,0.2085714285714287,0.40603174603174597,0.528103977662,22.7,1011906.0
2012_33_35,15.866666666666653,84.84444444444448,0.3333333333333333,0.0,0.3953968253968257,0.4109523809523807,0.49883460302433297,22.7,1011906.0
2012_34_36,8.411111111111095,80.7944444444444,0.3333333333333333,0.0,0.5804761904761906,0.40730158730158705,0.460156253622333,22.7,1011906.0
2012_35_37,3.011111111111107,66.42777777777776,0.3333333333333333,0.5555555555555566,0.6785714285714285,0.40285714285714264,0.41293273800133296,22.7,1011906.0
2012_36_38,1.8666666666666647,45.6,0.0,1.88888888888889,0.7049206349206351,0.38539682539682535,0.3680966071333329,22.7,1011906.0
2013_18_20,3.4222222222222247,37.77222222222226,0.0,3.4444444444444433,0.6434920634920637,0.661111111111111,0.164330243401,38.0,958385.0
2013_19_21,4.455555555555558,49.683333333333366,0.0,2.1111111111111103,0.673809523809524,0.6277777777777779,0.211364293240333,38.0,958385.0
2013_20_22,4.188888888888891,60.81111111111113,0.0,0.44444444444444436,0.6399999999999999,0.6004761904761907,0.248650023707667,38.0,958385.0
2013_21_23,8.244444444444445,60.6611111111111,0.0,0.7777777777777777,0.6125396825396824,0.5682539682539683,0.281005518676333,38.0,958385.0
2013_22_24,17.155555555555544,64.74999999999996,0.0,0.44444444444444436,0.546031746031746,0.560952380952381,0.304697081291667,38.0,958385.0
2013_23_25,26.2222222222222,67.84999999999992,0.0,0.3333333333333333,0.4112698412698414,0.585079365079365,0.331585335335333,38.0,958385.0
2013_24_26,23.499999999999968,74.76666666666664,0.0,0.0,0.2501587301587303,0.6187301587301587,0.3989907038616671,38.0,958385.0
2013_25_27,29.177777777777766,88.10555555555543,0.22222222222222202,0.0,0.1336507936507937,0.6134920634920633,0.48870371160633297,38.0,958385.0
2013_26_28,21.122222222222224,92.52777777777766,0.33333333333333304,0.0,0.0931746031746032,0.5834920634920637,0.583356290501,38.0,958385.0
2013_27_29,27.37777777777779,86.64999999999986,0.33333333333333304,0.0,0.0776190476190476,0.5182539682539686,0.635825565038667,38.0,958385.0
2013_28_30,17.97777777777779,73.9722222222222,0.11111111111111101,0.0,0.04555555555555554,0.4982539682539686,0.658943680522333,38.0,958385.0
2013_29_31,17.21111111111112,69.4944444444444,0.0,0.0,0.073968253968254,0.443650793650794,0.6529727200883331,38.0,958385.0
2013_30_32,7.966666666666678,68.81111111111109,0.0,0.0,0.14285714285714293,0.3914285714285716,0.638501090564333,38.0,958385.0
2013_31_33,2.0333333333333354,78.41666666666663,0.22222222222222202,0.0,0.2555555555555557,0.29460317460317464,0.620214522417333,38.0,958385.0
2013_32_34,1.7888888888888907,88.28888888888889,0.555555555555555,0.0,0.359047619047619,0.21492063492063498,0.604458416311,38.0,958385.0
2013_33_35,5.622222222222234,97.43888888888891,0.6666666666666661,0.0,0.5415873015873013,0.171904761904762,0.5629866287340001,38.0,958385.0
2013_34_36,4.90000000000001,95.02222222222224,0.8888888888888874,0.0,0.6882539682539681,0.16253968253968268,0.5044550023709999,38.0,958385.0
2013_35_37,4.933333333333343,84.5555555555556,0.7777777777777767,0.4444444444444433,0.8338095238095237,0.16825396825396835,0.428837426901,38.0,958385.0
2013_36_38,0.5333333333333342,70.20555555555553,0.6666666666666656,1.11111111111111,0.8506349206349207,0.17142857142857135,0.373472280175,38.0,958385.0
2014_18_20,5.611111111111112,10.816666666666663,0.0,6.0,0.6142857142857143,0.541746031746032,0.0553048232446667,31.6,987963.0
2014_19_21,1.9777777777777779,34.85555555555552,0.6666666666666666,4.11111111111111,0.659206349206349,0.5104761904761906,0.0899551604236667,31.6,987963.0
2014_20_22,7.955555555555577,53.772222222222204,0.6666666666666666,2.22222222222222,0.6711111111111111,0.4957142857142857,0.11933800906166699,31.6,987963.0
2014_21_23,10.577777777777795,64.40555555555557,0.6666666666666666,0.6666666666666656,0.6403174603174605,0.4923809523809523,0.15570784732100001,31.6,987963.0
2014_22_24,17.755555555555564,54.677777777777834,0.0,0.44444444444444436,0.5726984126984127,0.5047619047619046,0.18234253727433303,31.6,987963.0
2014_23_25,27.655555555555534,57.01111111111117,0.0,0.44444444444444436,0.502222222222222,0.5425396825396827,0.22064132553633303,31.6,987963.0
2014_24_26,43.49999999999997,68.97222222222223,0.0,0.22222222222222202,0.38920634920634894,0.6095238095238096,0.273915570834333,31.6,987963.0
2014_25_27,43.833333333333336,83.04444444444447,0.0,0.0,0.2482539682539682,0.7122222222222222,0.35941639270866704,31.6,987963.0
2014_26_28,28.722222222222232,87.8388888888889,0.0,0.0,0.13746031746031753,0.737936507936508,0.450315162531,31.6,987963.0
2014_27_29,17.922222222222235,88.16111111111115,0.0,0.0,0.08650793650793653,0.7015873015873018,0.510432611558667,31.6,987963.0
2014_28_30,15.677777777777768,84.81111111111113,0.0,0.0,0.06460317460317463,0.6063492063492063,0.5381079869340001,31.6,987963.0
2014_29_31,13.422222222222212,87.83333333333333,0.0,0.0,0.05095238095238097,0.5136507936507937,0.5335226779406671,31.6,987963.0
2014_30_32,10.544444444444444,92.1222222222223,0.11111111111111101,0.0,0.10476190476190463,0.4233333333333333,0.521382664243,31.6,987963.0
2014_31_33,5.911111111111111,99.43333333333355,0.22222222222222202,0.0,0.20952380952380936,0.33460317460317474,0.507140097992667,31.6,987963.0
2014_32_34,8.866666666666667,94.89444444444467,0.33333333333333304,0.0,0.2966666666666667,0.2663492063492064,0.48553281439333296,31.6,987963.0
2014_33_35,6.711111111111113,83.1777777777779,0.22222222222222202,0.3333333333333333,0.3714285714285717,0.2276190476190477,0.46424833781133296,31.6,987963.0
2014_34_36,6.5,68.67222222222223,0.11111111111111101,0.3333333333333333,0.5331746031746034,0.20333333333333334,0.427451635846333,31.6,987963.0
2014_35_37,4.844444444444443,45.31111111111113,0.0,1.88888888888889,0.7004761904761905,0.19841269841269835,0.38237837310999995,31.6,987963.0
2014_36_38,2.377777777777774,38.64444444444447,0.0,1.7777777777777786,0.8265079365079364,0.19428571428571403,0.322292013065667,31.6,987963.0
2015_18_20,2.477777777777778,23.583333333333332,0.0,4.666666666666667,0.6661904761904759,0.4526984126984123,0.12305181497300001,39.9,1021955.0
2015_19_21,2.3222222222222224,31.738888888888937,0.0,4.666666666666667,0.7111111111111109,0.42523809523809497,0.141213500342333,39.9,1021955.0
2015_20_22,1.4777777777777754,41.12777777777784,0.0,4.11111111111111,0.7322222222222224,0.396984126984127,0.172887474316333,39.9,1021955.0
2015_21_23,4.233333333333334,59.96111111111114,0.0,2.333333333333332,0.710952380952381,0.3723809523809523,0.198932169011,39.9,1021955.0
2015_22_24,14.68888888888889,62.74444444444443,0.0,1.5555555555555554,0.6717460317460316,0.3666666666666667,0.236760318213,39.9,1021955.0
2015_23_25,16.600000000000005,71.53333333333333,0.0,0.33333333333333304,0.574126984126984,0.3823809523809523,0.297170072704333,39.9,1021955.0
2015_24_26,18.0,78.91111111111117,0.3333333333333333,0.11111111111111101,0.4453968253968254,0.3904761904761907,0.34701193035133304,39.9,1021955.0
2015_25_27,10.02222222222222,84.66111111111117,0.44444444444444436,0.11111111111111101,0.37428571428571433,0.36460317460317465,0.4051923713186671,39.9,1021955.0
2015_26_28,6.677777777777776,93.70000000000006,0.7777777777777777,0.0,0.37111111111111095,0.30492063492063465,0.45503232179533293,39.9,1021955.0
2015_27_29,10.633333333333342,93.6444444444445,0.5555555555555554,0.0,0.401904761904762,0.251111111111111,0.519048516938,39.9,1021955.0
2015_28_30,8.244444444444456,95.65555555555558,0.6666666666666664,0.0,0.3580952380952383,0.21190476190476168,0.562339608029,39.9,1021955.0
2015_29_31,39.833333333333364,93.33888888888892,0.33333333333333304,0.0,0.26349206349206367,0.278888888888889,0.580157928981667,39.9,1021955.0
2015_30_32,45.31111111111113,87.68888888888891,0.22222222222222202,0.0,0.15952380952380957,0.3796825396825397,0.577000063221,39.9,1021955.0
2015_31_33,54.78888888888893,89.8777777777778,0.7777777777777768,0.0,0.06952380952380943,0.4912698412698413,0.551777056003333,39.9,1021955.0
2015_32_34,24.266666666666683,83.46111111111107,0.7777777777777768,0.0,0.049523809523809505,0.5126984126984125,0.5156409936253329,39.9,1021955.0
2015_33_35,10.666666666666691,86.2722222222222,0.7777777777777768,0.0,0.2192063492063493,0.483174603174603,0.489756087667,39.9,1021955.0
2015_34_36,9.77777777777779,74.75555555555553,0.0,0.0,0.4588888888888891,0.4503174603174604,0.441824627259,39.9,1021955.0
2015_35_37,10.544444444444457,69.30555555555556,0.0,0.4444444444444433,0.6301587301587303,0.4587301587301587,0.37687516990666703,39.9,1021955.0
2015_36_38,20.966666666666686,54.2888888888889,0.0,0.7777777777777767,0.637936507936508,0.52984126984127,0.31130786576033304,39.9,1021955.0
2016_18_20,6.344444444444434,59.9888888888889,0.4444444444444433,1.8888888888888877,0.651111111111111,0.6606349206349207,0.140269980506667,38.5,873366.0
2016_19_21,9.311111111111101,51.77222222222224,0.0,1.5555555555555545,0.5988888888888889,0.6503174603174604,0.176490076919,38.5,873366.0
2016_20_22,6.4111111111111,67.7611111111111,0.0,0.22222222222222202,0.5685714285714286,0.6180952380952384,0.23142212739066698,38.5,873366.0
2016_21_23,10.822222222222232,66.28888888888883,0.11111111111111101,0.11111111111111101,0.5022222222222222,0.5852380952380957,0.28807638164500005,38.5,873366.0
2016_22_24,12.711111111111132,76.96666666666657,0.11111111111111101,0.11111111111111101,0.37428571428571433,0.554761904761905,0.35370104051433293,38.5,873366.0
2016_23_25,17.222222222222268,81.86666666666663,0.11111111111111101,0.0,0.25285714285714306,0.510793650793651,0.436324914388333,38.5,873366.0
2016_24_26,14.700000000000022,83.68333333333335,0.0,0.0,0.18333333333333332,0.47047619047619066,0.504435040303667,38.5,873366.0
2016_25_27,27.87777777777779,83.22777777777783,0.0,0.0,0.1517460317460317,0.457777777777778,0.552937608661333,38.5,873366.0
2016_26_28,40.955555555555556,83.73333333333333,0.0,0.0,0.08079365079365065,0.5334920634920638,0.568855771561,38.5,873366.0
2016_27_29,43.63333333333333,90.78888888888885,0.22222222222222202,0.0,0.022539682539682568,0.572063492063492,0.588266585006,38.5,873366.0
2016_28_30,29.866666666666664,96.39999999999999,0.33333333333333304,0.0,0.008571428571428601,0.56015873015873,0.596059045888,38.5,873366.0
2016_29_31,11.555555555555552,96.78888888888889,0.33333333333333304,0.0,0.03793650793650797,0.45492063492063456,0.582704475528,38.5,873366.0
2016_30_32,23.81111111111109,89.44444444444444,0.11111111111111101,0.0,0.06285714285714288,0.4234920634920633,0.551480551604,38.5,873366.0
2016_31_33,20.822222222222198,84.40555555555552,0.0,0.0,0.18984126984126984,0.42269841269841263,0.508124672040333,38.5,873366.0
2016_32_34,26.24444444444441,81.01111111111109,0.0,0.0,0.37349206349206354,0.4744444444444443,0.4390046651913329,38.5,873366.0
2016_33_35,9.944444444444434,78.39999999999999,0.0,0.0,0.5658730158730161,0.4955555555555553,0.365798540645667,38.5,873366.0
2016_34_36,16.233333333333324,64.18333333333334,0.0,0.11111111111111101,0.6374603174603176,0.5406349206349202,0.31117652389199996,38.5,873366.0
2016_35_37,10.200000000000001,54.800000000000004,0.0,0.5555555555555544,0.6423809523809526,0.5574603174603173,0.293161329750667,38.5,873366.0
2016_36_38,18.122222222222245,41.24444444444447,0.0,1.111111111111111,0.627936507936508,0.5926984126984127,0.276871877140333,38.5,873366.0
2017_18_20,14.066666666666668,29.144444444444435,0.0,2.6666666666666656,0.5784126984126984,0.8173015873015874,0.120322891312667,41.7,1072100.0
2017_19_21,18.899999999999967,34.094444444444434,0.0,2.4444444444444433,0.5817460317460316,0.8242857142857144,0.151338859912667,41.7,1072100.0
2017_20_22,10.544444444444425,57.7833333333333,0.22222222222222232,1.111111111111111,0.5652380952380953,0.8153968253968257,0.190932508824667,41.7,1072100.0
2017_21_23,16.244444444444426,73.26111111111108,0.22222222222222232,0.11111111111111101,0.5571428571428569,0.792857142857143,0.23268938148666699,41.7,1072100.0
2017_22_24,12.311111111111122,71.8333333333333,0.22222222222222232,0.11111111111111101,0.5233333333333333,0.7790476190476191,0.278145824772,41.7,1072100.0
2017_23_25,18.944444444444468,62.161111111111104,0.0,0.0,0.4284126984126983,0.7700000000000001,0.321999899899667,41.7,1072100.0
2017_24_26,15.455555555555565,59.7388888888889,0.0,0.0,0.3231746031746034,0.753015873015873,0.37640602444533294,41.7,1072100.0
2017_25_27,12.111111111111114,74.2,0.0,0.0,0.224920634920635,0.684920634920635,0.45147169801366704,41.7,1072100.0
2017_26_28,7.955555555555548,90.0,0.11111111111111101,0.0,0.20682539682539702,0.586984126984127,0.521998862019667,41.7,1072100.0
2017_27_29,14.688888888888881,94.87777777777778,0.11111111111111101,0.0,0.1836507936507937,0.5020634920634923,0.570411832885333,41.7,1072100.0
2017_28_30,14.944444444444434,97.2000000000001,0.5555555555555544,0.0,0.1433333333333334,0.44952380952380966,0.587847152415333,41.7,1072100.0
2017_29_31,13.744444444444435,92.50000000000013,0.4444444444444433,0.0,0.13111111111111107,0.39000000000000007,0.584414538222333,41.7,1072100.0
2017_30_32,4.188888888888886,93.06666666666683,0.4444444444444433,0.0,0.17555555555555544,0.30952380952380937,0.564921650598,41.7,1072100.0
2017_31_33,2.966666666666665,87.05555555555564,0.0,0.0,0.34269841269841234,0.21476190476190468,0.526270520520667,41.7,1072100.0
2017_32_34,1.8555555555555543,84.80000000000007,0.0,0.0,0.5201587301587297,0.14761904761904765,0.484979827195667,41.7,1072100.0
2017_33_35,1.7333333333333343,86.18888888888894,0.22222222222222232,0.0,0.683174603174603,0.10603174603174614,0.43758014856966704,41.7,1072100.0
2017_34_36,1.4555555555555566,84.73888888888888,0.7777777777777789,0.0,0.7622222222222224,0.08539682539682547,0.378309246088333,41.7,1072100.0
2017_35_37,2.2444444444444467,71.57777777777774,0.7777777777777789,0.6666666666666666,0.8473015873015877,0.07761904761904763,0.304495247879667,41.7,1072100.0
2017_36_38,7.37777777777778,48.816666666666634,0.5555555555555566,1.6666666666666667,0.8523809523809526,0.10904761904761916,0.227587566514,41.7,1072100.0
2018_18_20,0.48888888888888776,42.0388888888889,0.11111111111111101,3.1111111111111103,0.7209523809523813,0.4657142857142857,0.100652797534333,45.2,1113000.0
2018_19_21,7.077777777777777,62.76111111111106,0.44444444444444436,1.6666666666666667,0.7055555555555557,0.445873015873016,0.13012633686300001,45.2,1113000.0
2018_20_22,21.0222222222222,68.72222222222217,0.44444444444444436,0.6666666666666666,0.6395238095238097,0.465714285714286,0.16824525051366698,45.2,1113000.0
2018_21_23,25.177777777777766,75.6166666666666,0.6666666666666666,0.0,0.5412698412698413,0.5195238095238096,0.21929230546333303,45.2,1113000.0
2018_22_24,20.088888888888878,70.75555555555557,0.3333333333333333,0.0,0.388888888888889,0.5479365079365079,0.28339189716033303,45.2,1113000.0
2018_23_25,7.133333333333343,88.2499999999999,0.7777777777777767,0.0,0.28269841269841267,0.502857142857143,0.36098684473933296,45.2,1113000.0
2018_24_26,5.8999999999999995,95.73888888888877,0.4444444444444433,0.0,0.2363492063492063,0.3915873015873017,0.4536997260416671,45.2,1113000.0
2018_25_27,25.06666666666666,96.94999999999986,0.4444444444444433,0.0,0.21126984126984127,0.37079365079365073,0.544049294030667,45.2,1113000.0
2018_26_28,26.522222222222215,92.2055555555555,0.0,0.0,0.16793650793650805,0.3623809523809524,0.608323805384333,45.2,1113000.0
2018_27_29,28.777777777777757,92.58888888888889,0.22222222222222202,0.0,0.10920634920634938,0.37444444444444436,0.6384881644803331,45.2,1113000.0
2018_28_30,8.255555555555548,92.46111111111111,0.22222222222222202,0.0,0.15603174603174608,0.28523809523809535,0.614072056267,45.2,1113000.0
2018_29_31,16.866666666666656,89.82777777777784,0.22222222222222202,0.0,0.22650793650793669,0.225079365079365,0.575105840050667,45.2,1113000.0
2018_30_32,11.855555555555556,93.68888888888883,0.5555555555555566,0.0,0.2966666666666667,0.17825396825396833,0.5182713502976671,45.2,1113000.0
2018_31_33,11.888888888888891,90.0666666666666,0.5555555555555566,0.0,0.4703174603174604,0.14174603174603173,0.455498469522,45.2,1113000.0
2018_32_34,2.27777777777778,78.9888888888888,0.5555555555555566,0.11111111111111101,0.6701587301587301,0.10841269841269836,0.39360475475466705,45.2,1113000.0
2018_33_35,3.47777777777778,59.88333333333336,0.0,0.22222222222222202,0.8223809523809523,0.09428571428571436,0.34728459248733307,45.2,1113000.0
2018_34_36,3.9777777777777765,48.205555555555556,0.0,1.222222222222222,0.8560317460317459,0.09714285714285731,0.332235693588333,45.2,1113000.0
2018_35_37,14.74444444444442,37.57777777777777,0.0,1.333333333333333,0.8038095238095235,0.13809523809523835,0.290078193983333,45.2,1113000.0
2018_36_38,16.64444444444442,21.138888888888868,0.0,3.444444444444445,0.7277777777777773,0.22206349206349232,0.241403537748,45.2,1113000.0
2019_18_20,7.56666666666668,11.138888888888909,0.0,5.777777777777776,0.6603174603174606,0.5065079365079362,0.091300223908,45.8,995200.0
2019_19_21,3.411111111111113,26.983333333333334,0.0,4.11111111111111,0.6742857142857144,0.4919047619047616,0.099876186713,45.8,995200.0
2019_20_22,3.966666666666667,44.522222222222204,0.3333333333333333,2.555555555555556,0.712063492063492,0.46238095238095234,0.12383986354766699,45.8,995200.0
2019_21_23,4.966666666666668,58.42777777777774,0.3333333333333333,1.1111111111111114,0.6817460317460317,0.442063492063492,0.18164052736933303,45.8,995200.0
2019_22_24,11.911111111111103,63.45555555555554,0.3333333333333333,0.6666666666666666,0.6384126984126983,0.42650793650793667,0.246991022601333,45.8,995200.0
2019_23_25,16.833333333333325,68.32777777777777,0.0,0.44444444444444436,0.5633333333333334,0.4276190476190476,0.321396981191667,45.8,995200.0
2019_24_26,18.855555555555533,76.10000000000001,0.0,0.22222222222222202,0.44190476190476163,0.43,0.417573876508,45.8,995200.0
2019_25_27,15.600000000000001,79.51111111111113,0.0,0.0,0.3215873015873017,0.4093650793650793,0.4993971550496671,45.8,995200.0
2019_26_28,19.466666666666665,83.99444444444447,0.0,0.0,0.21317460317460335,0.3926984126984127,0.556448877825,45.8,995200.0
2019_27_29,24.96666666666667,82.80000000000004,0.0,0.0,0.18936507936507965,0.37682539682539656,0.561657344186333,45.8,995200.0
2019_28_30,26.18888888888887,91.1611111111111,0.11111111111111101,0.0,0.14238095238095252,0.379047619047619,0.577456991202,45.8,995200.0
2019_29_31,20.566666666666634,92.6111111111111,0.22222222222222202,0.0,0.11587301587301586,0.35015873015872995,0.58514994995,45.8,995200.0
2019_30_32,11.6222222222222,88.88333333333331,0.22222222222222202,0.0,0.14650793650793653,0.29015873015873,0.57298121806,45.8,995200.0
2019_31_33,7.944444444444433,78.48333333333333,0.11111111111111101,0.0,0.253968253968254,0.21888888888888866,0.542031931931667,45.8,995200.0
2019_32_34,13.6111111111111,68.72222222222223,0.0,0.11111111111111101,0.3571428571428574,0.17476190476190467,0.514716793108667,45.8,995200.0
2019_33_35,16.888888888888868,64.0277777777778,0.0,0.11111111111111101,0.35063492063492063,0.2096825396825397,0.47148005637199997,45.8,995200.0
2019_34_36,23.866666666666635,58.49444444444447,0.0,0.44444444444444436,0.3574603174603173,0.3014285714285714,0.41494230282899996,45.8,995200.0
2019_35_37,16.48888888888887,49.916666666666664,0.0,0.3333333333333333,0.4217460317460313,0.38984126984126966,0.33793915494433296,45.8,995200.0
2019_36_38,15.877777777777768,55.38888888888886,0.3333333333333333,0.3333333333333333,0.571269841269841,0.43269841269841275,0.267371395079333,45.8,995200.0
2020_18_20,3.388888888888886,17.92222222222223,0.0,5.88888888888889,0.6901587301587301,0.4831746031746033,0.0653042305463334,41.1,1064300.0
2020_19_21,5.61111111111111,34.811111111111096,0.0,4.222222222222223,0.7106349206349204,0.4695238095238096,0.0849585322163334,41.1,1064300.0
2020_20_22,5.68888888888888,51.144444444444424,0.0,2.3333333333333335,0.708888888888889,0.4641269841269844,0.0981451978293334,41.1,1064300.0
2020_21_23,14.855555555555547,59.97777777777776,0.0,0.3333333333333333,0.6571428571428574,0.46238095238095234,0.124142982456,41.1,1064300.0
2020_22_24,14.433333333333323,58.76111111111113,0.3333333333333333,0.44444444444444436,0.5800000000000003,0.479047619047619,0.17623260892466697,41.1,1064300.0
2020_23_25,25.555555555555557,56.41111111111113,0.3333333333333333,0.11111111111111101,0.5042857142857143,0.5212698412698413,0.250428178178,41.1,1064300.0
2020_24_26,21.56666666666666,68.53888888888888,0.3333333333333333,0.11111111111111101,0.37063492063492065,0.5585714285714287,0.344870820820667,41.1,1064300.0
2020_25_27,30.58888888888887,77.47777777777775,0.11111111111111101,0.0,0.249047619047619,0.58,0.44487984036666706,41.1,1064300.0
2020_26_28,20.08888888888887,92.8055555555555,0.11111111111111101,0.0,0.14476190476190468,0.5446031746031746,0.531259667562333,41.1,1064300.0
2020_27_29,21.555555555555532,90.71111111111112,0.11111111111111101,0.0,0.11619047619047597,0.49666666666666665,0.581516432221667,41.1,1064300.0
2020_28_30,17.2222222222222,95.51111111111113,0.11111111111111101,0.0,0.101111111111111,0.43730158730158736,0.596456698804,41.1,1064300.0
2020_29_31,14.26666666666665,99.29444444444437,0.44444444444444436,0.0,0.094126984126984,0.3777777777777777,0.596640321901,41.1,1064300.0
2020_30_32,9.811111111111103,104.06111111111102,0.6666666666666666,0.0,0.16047619047619036,0.29523809523809535,0.590443388125,41.1,1064300.0
2020_31_33,7.000000000000003,95.16111111111097,0.6666666666666666,0.0,0.2468253968253967,0.22031746031746033,0.578526882145333,41.1,1064300.0
2020_32_34,11.388888888888891,94.35555555555565,1.0,0.0,0.3642857142857143,0.163968253968254,0.5373679363573329,41.1,1064300.0
2020_33_35,18.377777777777766,85.08333333333341,0.7777777777777777,0.0,0.4942857142857144,0.20126984126984135,0.4782262314946671,41.1,1064300.0
2020_34_36,19.68888888888887,72.3500000000001,0.6666666666666666,0.0,0.6144444444444442,0.26238095238095266,0.4084875586113329,41.1,1064300.0
2020_35_37,14.2222222222222,49.522222222222204,0.0,0.6666666666666666,0.6834920634920634,0.3361904761904764,0.34258291449366696,41.1,1064300.0
2020_36_38,7.4111111111111,36.922222222222224,0.0,1.5555555555555565,0.7063492063492061,0.3522222222222224,0.28642754333299997,41.1,1064300.0
