Year,SumPcpn,SumEGDD_C,SumHeatD,SumFrostD,AvgSI,AvgPrcnAWHC,NDVI,Yield,Area,Predict
1988_18_20,13.333333333333321,39.244444444444426,0.0,2.777777777777777,0.5876190476190478,0.8592063492063491,0.36256870618233294,55.8,12000.0,75.80835799881386
1988_19_21,15.03333333333332,56.6,0.0,1.0,0.5987301587301587,0.8528571428571426,0.394545188018,55.8,12000.0,62.29751266929287
1988_20_22,21.2222222222222,51.6777777777778,0.0,0.4444444444444433,0.566031746031746,0.8836507936507934,0.42532319949,55.8,12000.0,59.20656606078655
1988_21_23,19.977777777777764,42.088888888888896,0.0,0.6666666666666653,0.535079365079365,0.9050793650793648,0.449494072657667,55.8,12000.0,62.86827211114419
1988_22_24,16.011111111111095,48.81666666666666,0.22222222222222232,0.6666666666666653,0.5236507936507937,0.8979365079365076,0.4614177182916671,55.8,12000.0,57.844065904422166
1988_23_25,18.399999999999995,67.65555555555552,0.22222222222222232,0.222222222222222,0.492063492063492,0.8876190476190476,0.4740234544293329,55.8,12000.0,52.61925140515089
1988_24_26,23.277777777777768,77.57222222222221,0.22222222222222232,0.0,0.4287301587301586,0.8873015873015877,0.489376545570333,55.8,12000.0,53.34463556914593
1988_25_27,18.677777777777766,82.43888888888887,0.111111111111111,0.0,0.3674603174603173,0.854603174603175,0.503599936265,55.8,12000.0,54.50864262837574
1988_26_28,13.055555555555534,89.08888888888892,0.3333333333333333,0.0,0.2903174603174603,0.7566666666666669,0.492929318037,55.8,12000.0,55.69554683605782
1988_27_29,33.355555555555576,99.46111111111117,0.3333333333333333,0.0,0.2382539682539683,0.6638095238095241,0.4670950924156671,55.8,12000.0,56.92912802039562
1988_28_30,38.7,100.4388888888888,0.22222222222222232,0.0,0.1306349206349207,0.6901587301587303,0.435934480561,55.8,12000.0,55.720672742046155
1988_29_31,38.11111111111113,106.74444444444435,0.3333333333333333,0.0,0.07142857142857148,0.7063492063492062,0.423947546208,55.8,12000.0,54.64692076957319
1988_30_32,12.46666666666667,113.81666666666666,0.4444444444444444,0.0,0.049682539682539696,0.6301587301587299,0.42478546845133297,55.8,12000.0,51.41836655224936
1988_31_33,19.744444444444472,103.1611111111112,0.4444444444444444,0.0,0.05698412698412698,0.5099999999999997,0.43421854684533295,55.8,12000.0,49.19936967266997
1988_32_34,18.233333333333352,88.94444444444453,0.111111111111111,0.0,0.07619047619047616,0.4409523809523807,0.44664888464,55.8,12000.0,52.14213696893869
1988_33_35,27.455555555555573,75.7222222222222,0.0,0.111111111111111,0.06777777777777776,0.4703174603174603,0.460970108349333,55.8,12000.0,70.63465181355379
1988_34_36,16.7888888888889,71.74444444444447,0.0,0.111111111111111,0.1006349206349208,0.4604761904761907,0.474678266411667,55.8,12000.0,72.81325191144406
1988_35_37,23.622222222222252,60.45000000000004,0.0,0.111111111111111,0.1522222222222225,0.4733333333333337,0.4843035691523329,55.8,12000.0,73.6039858519255
1988_36_38,13.511111111111132,52.37222222222226,0.0,0.0,0.1995238095238097,0.4853968253968257,0.485508604206667,55.8,12000.0,71.38508716317011
1989_18_20,23.455555555555573,53.46666666666663,0.0,0.4444444444444433,0.5680952380952379,0.8860317460317461,0.3485252390056669,59.3,14000.0,70.54085028448036
1989_19_21,19.988888888888894,63.29444444444443,0.0,0.0,0.5795238095238093,0.8776190476190474,0.4051592734223329,59.3,14000.0,54.34205066346345
1989_20_22,14.255555555555567,68.22222222222223,0.0,0.0,0.5553968253968252,0.8666666666666664,0.437608285532,59.3,14000.0,57.450127746670226
1989_21_23,33.1888888888889,67.58888888888886,0.0,0.0,0.5055555555555552,0.8876190476190473,0.44609375398333295,59.3,14000.0,63.857495443419396
1989_22_24,29.611111111111132,62.5111111111111,0.0,0.0,0.451269841269841,0.8985714285714282,0.443895793499,59.3,14000.0,57.84190021684739
1989_23_25,26.488888888888894,70.57777777777777,0.0,0.0,0.3766666666666663,0.8695238095238093,0.4576983428936671,59.3,14000.0,54.54420366748984
1989_24_26,14.033333333333333,77.12222222222223,0.0,0.0,0.2769841269841267,0.7722222222222221,0.482912810707333,59.3,14000.0,55.39812660953428
1989_25_27,9.744444444444436,88.34999999999997,0.0,0.0,0.191111111111111,0.6298412698412696,0.506192160611667,59.3,14000.0,58.63962411095957
1989_26_28,20.977777777777764,86.25,0.0,0.0,0.16079365079365068,0.5593650793650794,0.521847355003,59.3,14000.0,62.72692156809245
1989_27_29,18.066666666666666,86.58888888888883,0.0,0.0,0.1333333333333333,0.5058730158730159,0.530623645634,59.3,14000.0,61.89354541788655
1989_28_30,18.411111111111108,90.86111111111099,0.3333333333333333,0.0,0.16095238095238096,0.418888888888889,0.534033397068333,59.3,14000.0,62.874259037081714
1989_29_31,7.255555555555554,94.84444444444428,0.3333333333333333,0.0,0.315873015873016,0.2577777777777777,0.532031485022333,59.3,14000.0,63.26719754308622
1989_30_32,8.377777777777787,102.56111111111107,0.3333333333333333,0.0,0.5117460317460317,0.13031746031746008,0.526313702995667,59.3,14000.0,60.6178788230236
1989_31_33,13.800000000000011,102.47777777777776,0.0,0.0,0.5515873015873013,0.12380952380952374,0.519222179732333,59.3,14000.0,57.2812210945274
1989_32_34,15.400000000000013,95.3222222222222,0.0,0.0,0.4649206349206347,0.1492063492063491,0.515340216698667,59.3,14000.0,60.844642871623975
1989_33_35,16.622222222222213,83.32777777777767,0.0,0.0,0.4263492063492063,0.17587301587301565,0.515286934353333,59.3,14000.0,68.72343073553205
1989_34_36,8.688888888888878,72.47222222222223,0.0,0.111111111111111,0.5222222222222223,0.16730158730158706,0.516662842575,59.3,14000.0,74.62674798940117
1989_35_37,24.733333333333306,71.19444444444447,0.111111111111111,0.111111111111111,0.6285714285714286,0.21984126984126964,0.509973868706333,59.3,14000.0,74.24139254743548
1989_36_38,24.099999999999966,73.15,0.111111111111111,0.111111111111111,0.6331746031746032,0.3952380952380953,0.4984063097513329,59.3,14000.0,68.51843340249533
1990_18_20,33.133333333333304,24.872222222222234,0.0,2.222222222222224,0.5641269841269841,0.9025396825396824,0.3623690885913329,47.2,14000.0,62.85410854282085
1990_19_21,41.96666666666667,20.444444444444436,0.0,2.3333333333333344,0.5373015873015871,0.924126984126984,0.400037603569,47.2,14000.0,44.63674853476085
1990_20_22,54.21111111111111,29.044444444444434,0.0,1.6666666666666667,0.5447619047619047,0.916984126984127,0.4369506054813329,47.2,14000.0,52.07925015269025
1990_21_23,39.64444444444445,45.99999999999997,0.0,1.5555555555555556,0.5617460317460318,0.8938095238095237,0.4706794773743329,47.2,14000.0,48.61234780253004
1990_22_24,23.26666666666665,68.45555555555553,0.0,0.22222222222222232,0.5907936507936508,0.840952380952381,0.502009177820667,47.2,14000.0,42.92284258913922
1990_23_25,14.499999999999988,76.32222222222221,0.0,0.0,0.579047619047619,0.8112698412698413,0.5268176545573329,47.2,14000.0,43.795359759694115
1990_24_26,13.999999999999993,84.9833333333333,0.0,0.0,0.5401587301587304,0.794920634920635,0.543737731039,47.2,14000.0,45.79787135870037
1990_25_27,15.19999999999999,83.82222222222218,0.0,0.0,0.4331746031746033,0.7738095238095236,0.549184321223667,47.2,14000.0,46.10099394353362
1990_26_28,4.122222222222224,85.47777777777772,0.111111111111111,0.0,0.3517460317460317,0.6617460317460316,0.5463213511789999,47.2,14000.0,48.44904130151533
1990_27_29,3.9666666666666655,95.22777777777776,0.4444444444444444,0.0,0.368253968253968,0.49396825396825395,0.541002039515667,47.2,14000.0,51.444571429159346
1990_28_30,25.01111111111112,108.02222222222224,0.4444444444444444,0.0,0.3136507936507933,0.4804761904761906,0.537212810707667,47.2,14000.0,51.70318875015482
1990_29_31,34.877777777777794,115.11111111111099,0.7777777777777767,0.0,0.2090476190476188,0.5550793650793653,0.542484193754333,47.2,14000.0,51.40852891910939
1990_30_32,46.011111111111134,114.95555555555535,0.4444444444444433,0.0,0.03666666666666656,0.6382539682539683,0.551890567240667,47.2,14000.0,50.153807214732545
1990_31_33,28.83333333333334,111.19444444444436,0.4444444444444433,0.0,-0.008888888888888868,0.6153968253968253,0.559516826004,47.2,14000.0,47.89360996527928
1990_32_34,18.36666666666667,103.41111111111108,0.22222222222222232,0.0,0.0204761904761905,0.5223809523809523,0.564971701721,47.2,14000.0,39.410972173694304
1990_33_35,9.866666666666633,97.25555555555576,0.3333333333333333,0.0,0.12873015873015878,0.4092063492063493,0.566338177183,47.2,14000.0,37.165815118798086
1990_34_36,9.822222222222203,83.21666666666677,0.3333333333333333,0.22222222222222232,0.2180952380952382,0.30063492063492103,0.562529509241667,47.2,14000.0,41.63014401434808
1990_35_37,12.033333333333314,78.18333333333344,0.111111111111111,0.3333333333333333,0.311904761904762,0.2400000000000003,0.54940458891,47.2,14000.0,48.92647779560046
1990_36_38,26.48888888888888,57.89444444444444,0.0,0.4444444444444444,0.3923809523809523,0.3050793650793653,0.532789929891333,47.2,14000.0,48.55022100808438
1991_18_20,27.977777777777767,32.71666666666667,0.0,2.5555555555555536,0.5653968253968253,0.8950793650793653,0.35411089866166706,46.2,10000.0,49.69010243934799
1991_19_21,17.411111111111094,43.77777777777778,0.0,2.1111111111111103,0.5617460317460317,0.8931746031746034,0.394201912046,46.2,10000.0,51.773309801093184
1991_20_22,16.066666666666666,44.40555555555557,0.0,1.4444444444444444,0.5625396825396827,0.8900000000000001,0.4327137029956671,46.2,10000.0,50.9568634589767
1991_21_23,7.977777777777772,49.39444444444447,0.0,0.6666666666666675,0.5873015873015878,0.8604761904761907,0.467385022307333,46.2,10000.0,56.67053463143431
1991_22_24,10.366666666666676,55.95000000000002,0.22222222222222232,0.111111111111111,0.5836507936507941,0.8341269841269842,0.4958508604206671,46.2,10000.0,47.684568158760435
1991_23_25,6.9555555555555655,69.03333333333337,0.22222222222222232,0.0,0.5712698412698414,0.7763492063492065,0.5133122370936671,46.2,10000.0,37.11447744546445
1991_24_26,9.588888888888905,80.67222222222223,0.22222222222222232,0.0,0.5576190476190477,0.7219047619047617,0.516832950924,46.2,10000.0,29.3162567501676
1991_25_27,4.211111111111115,82.99444444444441,0.0,0.0,0.5522222222222223,0.6385714285714287,0.5195108986613329,46.2,10000.0,28.45500971927255
1991_26_28,12.488888888888885,84.85555555555547,0.0,0.0,0.5193650793650796,0.5460317460317461,0.517524474187,46.2,10000.0,30.67390003884919
1991_27_29,11.633333333333333,95.80000000000004,1.0,0.0,0.37873015873015903,0.4882539682539683,0.511556596558,46.2,10000.0,34.82919402382987
1991_28_30,22.17777777777779,103.82777777777795,1.111111111111111,0.0,0.273809523809524,0.432222222222222,0.504052644996667,46.2,10000.0,44.160333356155405
1991_29_31,19.066666666666684,105.3666666666669,1.111111111111111,0.0,0.1673015873015873,0.4176190476190477,0.501146590184667,46.2,10000.0,56.13311955204225
1991_30_32,37.7555555555556,96.26111111111123,0.111111111111111,0.0,0.122063492063492,0.4646031746031746,0.503960994263667,46.2,10000.0,59.677387974458064
1991_31_33,29.422222222222253,99.48333333333322,0.0,0.0,0.03857142857142843,0.5282539682539683,0.5119824729123329,46.2,10000.0,61.23453760628227
1991_32_34,45.02222222222226,95.77777777777766,0.0,0.0,-0.008253968253968267,0.6746031746031745,0.521045952836,46.2,10000.0,57.838975912700214
1991_33_35,34.02222222222222,93.36666666666656,0.0,0.0,-0.03253968253968253,0.7190476190476189,0.529423390694667,46.2,10000.0,61.197698675570614
1991_34_36,42.477777777777774,81.21111111111118,0.0,0.0,-0.0392063492063492,0.8030158730158731,0.5348375398343329,46.2,10000.0,60.541951518621076
1991_35_37,26.533333333333307,71.05555555555559,0.0,0.0,-0.0426984126984127,0.8107936507936507,0.534949649458333,46.2,10000.0,57.154566631415456
1991_36_38,32.666666666666664,62.761111111111155,0.0,0.111111111111111,0.029682539682539564,0.8526984126984128,0.528524856596667,46.2,10000.0,55.877841776520825
1992_18_20,14.29999999999999,20.25555555555556,0.0,4.888888888888887,0.5493650793650794,0.908095238095238,0.29044792861666696,73.0,9000.0,55.36865445755333
1992_19_21,15.366666666666644,39.54444444444443,0.4444444444444433,3.4444444444444438,0.558730158730159,0.8963492063492063,0.334597195665667,73.0,9000.0,84.21716031698246
1992_20_22,7.288888888888877,47.36666666666667,0.4444444444444433,2.1111111111111103,0.5939682539682543,0.8539682539682539,0.377649012109333,73.0,9000.0,84.15523169677247
1992_21_23,11.233333333333334,52.75,0.4444444444444433,1.2222222222222223,0.6077777777777781,0.8352380952380952,0.4075981516886671,73.0,9000.0,67.75480377116965
1992_22_24,11.3888888888889,58.65555555555557,0.0,0.5555555555555557,0.5860317460317459,0.8093650793650792,0.4320866156786671,73.0,9000.0,75.10835830601872
1992_23_25,18.744444444444465,70.9777777777778,0.0,0.22222222222222232,0.5266666666666666,0.8274603174603173,0.455085532186,73.0,9000.0,72.25102298121294
1992_24_26,18.366666666666667,74.57777777777777,0.0,0.0,0.478095238095238,0.8399999999999997,0.4721042702356671,73.0,9000.0,62.441658218335164
1992_25_27,19.2,68.1888888888889,0.0,0.0,0.39190476190476203,0.8422222222222221,0.490192160611667,73.0,9000.0,61.113726006136574
1992_26_28,18.8,70.58888888888886,0.0,0.0,0.2692063492063492,0.8095238095238093,0.510300828553,73.0,9000.0,57.88932342171183
1992_27_29,24.44444444444447,70.1722222222222,0.0,0.0,0.14746031746031754,0.7909523809523811,0.5375300191203329,73.0,9000.0,55.303133773106644
1992_28_30,21.68888888888891,79.83333333333326,0.0,0.0,0.10095238095238086,0.7396825396825397,0.551746653919667,73.0,9000.0,55.175148932902225
1992_29_31,22.17777777777781,82.57222222222218,0.0,0.0,0.12571428571428567,0.649047619047619,0.551449267049,73.0,9000.0,54.756738774867735
1992_30_32,12.18888888888891,90.74999999999996,0.0,0.0,0.11777777777777775,0.5144444444444444,0.537267049075667,73.0,9000.0,51.991808395053305
1992_31_33,14.200000000000033,87.13888888888886,0.0,0.0,0.16000000000000011,0.38015873015873,0.5232369024853329,73.0,9000.0,48.20697588060541
1992_32_34,15.2888888888889,87.65555555555551,0.0,0.0,0.17936507936507942,0.332857142857143,0.509000828553,73.0,9000.0,48.463855709201745
1992_33_35,13.8888888888889,93.03888888888888,0.0,0.0,0.2917460317460317,0.2592063492063493,0.49438597833,73.0,9000.0,54.85208317335076
1992_34_36,11.833333333333329,91.1833333333333,0.0,0.0,0.3903174603174603,0.2182539682539687,0.486171701720667,73.0,9000.0,56.85495901258724
1992_35_37,8.93333333333333,88.64999999999998,0.0,0.0,0.4731746031746034,0.15619047619047632,0.4849863607393329,73.0,9000.0,60.573159623468115
1992_36_38,8.92222222222222,79.06111111111106,0.0,0.0,0.4842857142857146,0.13634920634920633,0.4879653919693329,73.0,9000.0,65.14762848039828
1993_18_20,17.777777777777775,32.07222222222223,0.0,2.666666666666668,0.576984126984127,0.8736507936507939,0.36651625239,56.5,11000.0,69.44919399504954
1993_19_21,24.75555555555555,37.12777777777777,0.0,1.7777777777777777,0.575238095238095,0.8806349206349205,0.393903760356667,56.5,11000.0,73.13435811827223
1993_20_22,31.43333333333333,45.15555555555557,0.0,0.111111111111111,0.5584126984126982,0.9052380952380952,0.41795704270233297,56.5,11000.0,65.25617634406785
1993_21_23,23.755555555555574,45.15555555555557,0.0,0.3333333333333333,0.549047619047619,0.9092063492063494,0.442245188018,56.5,11000.0,60.68381293783124
1993_22_24,16.522222222222247,55.95555555555557,0.0,0.3333333333333333,0.555873015873016,0.8792063492063492,0.4670834289356671,56.5,11000.0,60.021346902405554
1993_23_25,18.111111111111114,66.54444444444444,0.0,0.3333333333333333,0.5263492063492063,0.8707936507936509,0.4862764181006671,56.5,11000.0,55.36342802559858
1993_24_26,29.86666666666665,80.16666666666663,0.0,0.0,0.4873015873015874,0.8760317460317464,0.501116953473333,56.5,11000.0,52.6632030704347
1993_25_27,29.26666666666665,84.03888888888888,0.111111111111111,0.0,0.40873015873015867,0.8720634920634924,0.512643021032333,56.5,11000.0,52.91443804206862
1993_26_28,25.377777777777773,88.71111111111111,0.111111111111111,0.0,0.3058730158730157,0.7914285714285718,0.525768706182,56.5,11000.0,54.49251915955581
1993_27_29,16.066666666666674,85.59999999999998,0.111111111111111,0.0,0.20904761904761898,0.694920634920635,0.532397450605333,56.5,11000.0,53.13231606425293
1993_28_30,24.05555555555557,86.04999999999997,0.0,0.0,0.13111111111111098,0.6503174603174603,0.5323671128106671,56.5,11000.0,53.2837757086113
1993_29_31,24.566666666666638,91.7444444444443,0.0,0.0,0.10634920634920646,0.6493650793650794,0.5275179094966671,56.5,11000.0,54.90396474999717
1993_30_32,15.833333333333302,96.161111111111,0.0,0.0,0.09746031746031744,0.5674603174603173,0.520462970044667,56.5,11000.0,56.009634262241136
1993_31_33,9.288888888888858,93.46111111111105,0.0,0.0,0.20333333333333345,0.4195238095238093,0.51093486297,56.5,11000.0,53.7319055427427
1993_32_34,2.6,92.20555555555565,0.5555555555555566,0.0,0.35698412698412696,0.2436507936507933,0.498066921606,56.5,11000.0,52.41718098032002
1993_33_35,9.0,88.1000000000001,0.5555555555555566,0.0,0.5226984126984126,0.15857142857142836,0.487752453792333,56.5,11000.0,57.52200814671175
1993_34_36,11.31111111111111,84.57777777777783,0.5555555555555566,0.0,0.507936507936508,0.14634920634920598,0.480255449331,56.5,11000.0,59.573536130490034
1993_35_37,16.1111111111111,75.05,0.0,0.3333333333333333,0.4590476190476193,0.17015873015872998,0.475386806883667,56.5,11000.0,58.83356757550741
1993_36_38,15.1,62.061111111111096,0.0,0.7777777777777767,0.3784126984126988,0.20555555555555532,0.467199553856,56.5,11000.0,66.17280562356599
1994_18_20,38.9,23.7,0.0,1.666666666666666,0.5426984126984128,0.9174603174603174,0.345647355003333,55.5,11900.0,74.61403724264812
1994_19_21,22.1444444444444,29.988888888888894,0.0,1.2222222222222223,0.54984126984127,0.9104761904761904,0.387866220522667,55.5,11900.0,69.58828927062608
1994_20_22,13.622222222222199,40.46666666666667,0.0,1.0,0.5606349206349206,0.8944444444444444,0.438419502868,55.5,11900.0,64.09331879719221
1994_21_23,15.911111111111104,52.10555555555558,0.0,0.5555555555555554,0.565079365079365,0.8912698412698411,0.4898509878903329,55.5,11900.0,61.984966401926876
1994_22_24,19.57777777777777,69.86111111111113,0.0,0.222222222222222,0.5565079365079363,0.8893650793650792,0.533485086042,55.5,11900.0,57.15410185077084
1994_23_25,21.277777777777764,78.88888888888886,0.0,0.222222222222222,0.5185714285714287,0.8850793650793649,0.550099298916667,55.5,11900.0,52.50698631702488
1994_24_26,20.977777777777764,97.37777777777784,0.0,0.0,0.4907936507936511,0.8587301587301587,0.550100828553333,55.5,11900.0,51.93442843620947
1994_25_27,14.911111111111133,96.97222222222229,0.0,0.0,0.430952380952381,0.816190476190476,0.542629700446333,55.5,11900.0,54.00611613094809
1994_26_28,12.844444444444466,101.25000000000021,0.0,0.0,0.3493650793650794,0.7184126984126985,0.5479045889103329,55.5,11900.0,51.37135353893027
1994_27_29,11.433333333333335,102.6611111111112,0.4444444444444433,0.0,0.29904761904761895,0.5917460317460317,0.549820331421333,55.5,11900.0,52.83243345004504
1994_28_30,12.300000000000002,113.7444444444447,0.4444444444444433,0.0,0.258888888888889,0.4595238095238093,0.542462014021667,55.5,11900.0,54.93945457192411
1994_29_31,19.3,116.10555555555568,0.4444444444444433,0.0,0.256031746031746,0.3798412698412696,0.527664754620667,55.5,11900.0,58.125234981256405
1994_30_32,15.9888888888889,106.5277777777779,0.0,0.0,0.203968253968254,0.32063492063492066,0.5135413001913329,55.5,11900.0,57.12790373423462
1994_31_33,19.7111111111111,96.78333333333336,0.0,0.0,0.25079365079365096,0.2612698412698413,0.502573677501667,55.5,11900.0,61.12839331985188
1994_32_34,11.833333333333321,88.39444444444445,0.0,0.0,0.2698412698412703,0.2304761904761904,0.493387444232,55.5,11900.0,59.603027083435194
1994_33_35,14.111111111111097,79.82222222222224,0.0,0.0,0.3603174603174606,0.18507936507936495,0.480599107711667,55.5,11900.0,66.53462679355619
1994_34_36,16.94444444444443,70.9611111111111,0.0,0.0,0.31158730158730163,0.2361904761904763,0.46224404079,55.5,11900.0,70.11274178641075
1994_35_37,16.74444444444443,60.31666666666667,0.0,0.111111111111111,0.2947619047619046,0.2541269841269844,0.4363367750156671,55.5,11900.0,71.2865601695886
1994_36_38,14.266666666666653,55.0888888888889,0.0,0.6666666666666675,0.27428571428571397,0.2744444444444443,0.37968094327566704,55.5,11900.0,76.22549967209459
1995_18_20,22.711111111111112,21.627777777777766,0.0,2.777777777777777,0.5817460317460317,0.8812698412698411,0.363823773104,58.5,10300.0,77.75205049507565
1995_19_21,10.099999999999987,33.5722222222222,0.0,1.3333333333333333,0.5704761904761907,0.8830158730158729,0.4040155513066671,58.5,10300.0,75.23332855673291
1995_20_22,17.744444444444444,45.90555555555554,0.0,0.5555555555555566,0.5744444444444446,0.882857142857143,0.44614850223066704,58.5,10300.0,62.26514368866959
1995_21_23,28.93333333333334,55.37777777777778,0.0,0.5555555555555566,0.5631746031746033,0.8923809523809526,0.486001147227333,58.5,10300.0,64.02622362848052
1995_22_24,43.07777777777782,64.58888888888886,0.0,0.0,0.5511111111111113,0.9109523809523808,0.5194001912043329,58.5,10300.0,58.35590439189613
1995_23_25,35.15555555555557,73.98333333333326,0.111111111111111,0.0,0.5292063492063493,0.8926984126984125,0.545523263224667,58.5,10300.0,57.5464010702718
1995_24_26,33.82222222222223,79.8777777777777,0.111111111111111,0.0,0.5260317460317463,0.8485714285714283,0.561776481835333,58.5,10300.0,52.47099934608907
1995_25_27,30.21111111111113,89.84999999999985,0.111111111111111,0.0,0.501746031746032,0.8238095238095237,0.565653983428667,58.5,10300.0,54.69079628805391
1995_26_28,30.51111111111113,92.45555555555542,0.0,0.0,0.3914285714285717,0.8165079365079363,0.565924410452333,58.5,10300.0,55.494113715705396
1995_27_29,26.31111111111113,97.77777777777769,0.0,0.0,0.2438095238095239,0.826984126984127,0.567721478648667,58.5,10300.0,56.594070983547276
1995_28_30,18.322222222222234,100.52222222222231,0.0,0.0,0.12523809523809526,0.7685714285714287,0.57493486297,58.5,10300.0,57.83271552667492
1995_29_31,24.66666666666667,98.97222222222231,0.111111111111111,0.0,0.11888888888888892,0.6842857142857143,0.583423454429667,58.5,10300.0,57.97980428685703
1995_30_32,18.966666666666672,104.21111111111134,0.5555555555555544,0.0,0.09698412698412702,0.5771428571428568,0.587235309114333,58.5,10300.0,54.43786837434679
1995_31_33,16.09999999999999,95.71666666666674,0.5555555555555544,0.0,0.08285714285714288,0.4807936507936506,0.583829636711667,58.5,10300.0,53.10901912918024
1995_32_34,12.877777777777787,88.78333333333342,0.4444444444444433,0.0,0.1031746031746032,0.3755555555555557,0.577725175271,58.5,10300.0,53.07544048555803
1995_33_35,8.400000000000013,75.36666666666662,0.0,0.0,0.20190476190476184,0.2753968253968257,0.572865455704333,58.5,10300.0,53.304559024467856
1995_34_36,9.60000000000001,67.23333333333333,0.0,0.0,0.34031746031746035,0.188730158730159,0.570083301465667,58.5,10300.0,54.71849507467788
1995_35_37,19.911111111111108,62.61111111111111,0.0,0.3333333333333333,0.4538095238095237,0.15698412698412698,0.563721733588333,58.5,10300.0,56.11480766173486
1995_36_38,19.444444444444443,58.16666666666663,0.0,0.7777777777777767,0.37111111111111106,0.23714285714285696,0.554895028680667,58.5,10300.0,59.52443669999733
1996_18_20,21.155555555555548,20.388888888888868,0.0,3.22222222222222,0.5461904761904764,0.9142857142857144,0.3852383046526671,63.7,12400.0,65.10073884036619
1996_19_21,19.68888888888888,25.477777777777767,0.0,2.777777777777777,0.5453968253968253,0.913968253968254,0.403442192479333,63.7,12400.0,67.83443566992005
1996_20_22,18.744444444444444,33.1722222222222,0.0,2.1111111111111103,0.5495238095238094,0.9103174603174604,0.427698597833,63.7,12400.0,66.2107328415655
1996_21_23,26.0888888888889,53.194444444444464,0.0,1.0,0.5520634920634921,0.9082539682539682,0.4698586998086671,63.7,12400.0,60.17975401267545
1996_22_24,24.6,70.61666666666667,0.0,0.6666666666666666,0.5765079365079367,0.88031746031746,0.512859400892333,63.7,12400.0,60.77473623565192
1996_23_25,15.044444444444453,76.39999999999998,0.0,0.3333333333333333,0.5969841269841271,0.8352380952380951,0.5447452517526671,63.7,12400.0,61.64978388111857
1996_24_26,9.166666666666657,68.7833333333333,0.0,0.3333333333333333,0.5853968253968254,0.7849206349206347,0.556001083492667,63.7,12400.0,63.52450849748444
1996_25_27,8.04444444444443,70.39999999999998,0.0,0.3333333333333333,0.569047619047619,0.7312698412698408,0.556489483747333,63.7,12400.0,58.05053248212871
1996_26_28,22.655555555555548,82.9388888888889,0.0,0.0,0.5044444444444447,0.7392063492063491,0.554301848310667,63.7,12400.0,53.44137990220996
1996_27_29,39.42222222222221,94.78333333333336,0.0,0.0,0.3584126984126987,0.7838095238095236,0.554428999362333,63.7,12400.0,50.76360141946458
1996_28_30,45.86666666666667,92.01666666666672,0.0,0.0,0.1995238095238097,0.83015873015873,0.556300892288,63.7,12400.0,53.02571078875518
1996_29_31,32.744444444444454,91.36111111111109,0.0,0.0,0.09047619047619064,0.8055555555555554,0.558896494582667,63.7,12400.0,58.52607948143333
1996_30_32,12.566666666666675,96.25,0.4444444444444433,0.0,0.10206349206349234,0.6747619047619047,0.562707584448667,63.7,12400.0,58.083787017994666
1996_31_33,6.277777777777777,96.56111111111107,0.4444444444444433,0.0,0.13746031746031764,0.5079365079365079,0.568929445506667,63.7,12400.0,49.97014963625502
1996_32_34,3.9444444444444433,97.22222222222223,0.4444444444444433,0.0,0.2685714285714287,0.3217460317460316,0.572285086042,63.7,12400.0,51.77949746291367
1996_33_35,4.233333333333333,90.17222222222223,0.0,0.0,0.4431746031746033,0.1885714285714284,0.571658444869333,63.7,12400.0,53.042517731080416
1996_34_36,17.62222222222223,89.25000000000004,0.0,0.111111111111111,0.4409523809523814,0.23349206349206345,0.5658320586360001,63.7,12400.0,53.593787074731324
1996_35_37,49.37777777777779,83.21111111111112,0.0,0.111111111111111,0.3041269841269845,0.3687301587301588,0.5548593371573329,63.7,12400.0,56.47783010858069
1996_36_38,66.12222222222222,72.61111111111113,0.0,0.111111111111111,0.07555555555555575,0.6280952380952384,0.541396239643,63.7,12400.0,66.4730570018845
1997_18_20,28.366666666666703,26.038888888888877,0.0,3.1111111111111107,0.5395238095238096,0.9282539682539681,0.32153741236433303,51.7,14800.0,64.9601545733819
1997_19_21,22.73333333333333,27.366666666666674,0.0,2.1111111111111107,0.5407936507936509,0.9217460317460318,0.344220203951333,51.7,14800.0,56.65901796220535
1997_20_22,17.43333333333333,39.522222222222226,0.0,0.8888888888888876,0.5515873015873017,0.9044444444444444,0.372117144678,51.7,14800.0,62.023545465852884
1997_21_23,11.3222222222222,32.14444444444447,0.0,1.8888888888888868,0.5749206349206346,0.8752380952380953,0.4086637985976671,51.7,14800.0,58.95384703584305
1997_22_24,7.5,49.5555555555556,0.0,1.5555555555555545,0.5992063492063491,0.8385714285714286,0.452891332058667,51.7,14800.0,59.133692539643036
1997_23_25,17.666666666666668,62.583333333333385,0.0,1.2222222222222212,0.5719047619047616,0.8453968253968256,0.4957036328873329,51.7,14800.0,52.78921437347054
1997_24_26,22.133333333333336,78.50000000000007,0.0,0.111111111111111,0.5161904761904761,0.8652380952380954,0.536371701721,51.7,14800.0,54.76980981476534
1997_25_27,19.87777777777778,89.6666666666667,0.4444444444444433,0.0,0.466190476190476,0.8517460317460316,0.562122753346,51.7,14800.0,58.42902282249408
1997_26_28,13.988888888888882,95.38333333333323,0.4444444444444433,0.0,0.4047619047619047,0.7741269841269839,0.577541746335,51.7,14800.0,56.73235425369412
1997_27_29,8.15555555555555,102.0833333333332,0.6666666666666653,0.0,0.34650793650793665,0.6409523809523809,0.580567304015,51.7,14800.0,57.56978242660758
1997_28_30,7.188888888888882,97.82777777777764,0.6666666666666653,0.0,0.34888888888888897,0.49761904761904796,0.575480815806,51.7,14800.0,58.7033843556238
1997_29_31,3.3777777777777813,98.69999999999996,0.7777777777777763,0.0,0.4461904761904763,0.3452380952380957,0.5644834289353331,51.7,14800.0,58.40062666839713
1997_30_32,7.566666666666678,96.66666666666664,0.5555555555555544,0.0,0.4695238095238097,0.2541269841269844,0.5515184193753331,51.7,14800.0,55.395936016584216
1997_31_33,9.988888888888896,95.5944444444444,0.222222222222222,0.0,0.4501587301587304,0.18968253968253967,0.545324219248,51.7,14800.0,52.276949882782375
1997_32_34,12.455555555555565,88.04999999999994,0.111111111111111,0.0,0.441904761904762,0.15111111111111106,0.537017272148,51.7,14800.0,51.90062241528993
1997_33_35,6.788888888888887,88.72777777777775,0.111111111111111,0.0,0.5441269841269839,0.0928571428571429,0.524952135118,51.7,14800.0,54.83294152986538
1997_34_36,10.888888888888893,85.43333333333334,0.0,0.0,0.6195238095238093,0.08238095238095255,0.5126099426386671,51.7,14800.0,56.585176664292945
1997_35_37,14.666666666666654,86.37777777777778,0.0,0.0,0.542063492063492,0.1315873015873019,0.5103247928616671,51.7,14800.0,56.92854410618817
1997_36_38,20.83333333333333,79.3944444444444,0.0,0.0,0.4615873015873017,0.19238095238095268,0.5167926704906671,51.7,14800.0,59.99754984387264
1998_18_20,9.088888888888867,47.04999999999996,0.0,2.4444444444444438,0.5761904761904764,0.8763492063492064,0.40626634799233297,54.8,16800.0,65.68025554627405
1998_19_21,12.388888888888864,52.4333333333333,0.0,1.5555555555555554,0.581746031746032,0.8607936507936511,0.459489292543,54.8,16800.0,57.81321142989208
1998_20_22,11.8111111111111,51.35000000000003,0.0,1.6666666666666663,0.5771428571428574,0.8425396825396828,0.5073340981516671,54.8,16800.0,59.75475872186133
1998_21_23,16.400000000000002,55.000000000000064,0.0,0.33333333333333304,0.5511111111111113,0.8474603174603176,0.5312203951563329,54.8,16800.0,59.27393903816602
1998_22_24,9.6,58.33888888888893,0.0,0.111111111111111,0.560793650793651,0.8099999999999999,0.539666921606333,54.8,16800.0,60.6424299558703
1998_23_25,13.355555555555569,67.58888888888886,0.0,0.0,0.5158730158730159,0.7833333333333332,0.538544231995,54.8,16800.0,53.272928179962214
1998_24_26,11.833333333333336,77.99999999999993,0.0,0.0,0.49984126984127,0.7074603174603173,0.5392994901210001,54.8,16800.0,51.878960710299985
1998_25_27,19.666666666666668,87.75555555555547,0.0,0.0,0.4404761904761907,0.6833333333333332,0.5471485659656671,54.8,16800.0,54.14751567893422
1998_26_28,16.3,86.48333333333332,0.0,0.0,0.3909523809523813,0.6155555555555556,0.5568419375399999,54.8,16800.0,55.57082589639234
1998_27_29,15.522222222222226,98.49444444444448,0.5555555555555566,0.0,0.3280952380952384,0.5650793650793653,0.558295857234,54.8,16800.0,56.85387859685128
1998_28_30,10.47777777777778,103.54444444444448,0.6666666666666675,0.0,0.3011111111111113,0.44984126984127,0.553047227533333,54.8,16800.0,63.83076933066486
1998_29_31,9.244444444444447,106.39444444444445,0.6666666666666675,0.0,0.33968253968253964,0.3474603174603177,0.545845315487333,54.8,16800.0,62.27004193713461
1998_30_32,6.655555555555557,104.05555555555544,0.6666666666666675,0.0,0.4387301587301587,0.2361904761904764,0.54128362014,54.8,16800.0,58.287271554116735
1998_31_33,8.6111111111111,101.88888888888876,0.6666666666666675,0.0,0.5104761904761904,0.16857142857142868,0.5293624601656671,54.8,16800.0,58.538160973387626
1998_32_34,14.777777777777764,98.31111111111099,0.6666666666666675,0.0,0.5065079365079364,0.1828571428571427,0.515281580624667,54.8,16800.0,58.921667561983334
1998_33_35,22.65555555555553,95.13888888888887,0.111111111111111,0.0,0.42079365079365066,0.23428571428571435,0.5027691523263329,54.8,16800.0,58.87932699541464
1998_34_36,20.433333333333326,92.3333333333333,0.0,0.0,0.357301587301587,0.2882539682539684,0.50211166348,54.8,16800.0,63.78492054927581
1998_35_37,23.09999999999999,85.86666666666662,0.0,0.0,0.3295238095238093,0.3484126984126987,0.511224346717667,54.8,16800.0,66.09128304817133
1998_36_38,17.755555555555556,73.6111111111111,0.0,0.0,0.29380952380952363,0.4203174603174604,0.525884448693667,54.8,16800.0,68.6387563161159
1999_18_20,8.266666666666667,54.85555555555556,0.0,1.6666666666666667,0.6063492063492063,0.8357142857142857,0.4400425111536671,48.3,12400.0,68.86199576708718
1999_19_21,10.58888888888889,50.95555555555557,0.0,1.4444444444444444,0.5653968253968253,0.840952380952381,0.484267431485,48.3,12400.0,50.16738091429083
1999_20_22,9.133333333333333,71.13333333333334,0.0,0.222222222222222,0.557142857142857,0.7915873015873016,0.512444805608667,48.3,12400.0,45.621477339553714
1999_21_23,7.611111111111111,76.62777777777774,0.0,0.222222222222222,0.5573015873015873,0.7333333333333334,0.531740790312333,48.3,12400.0,46.25240037574881
1999_22_24,4.01111111111111,80.98333333333333,0.111111111111111,0.222222222222222,0.5722222222222223,0.6331746031746031,0.5446760994263329,48.3,12400.0,44.23895843139422
1999_23_25,4.52222222222222,86.37222222222222,0.111111111111111,0.111111111111111,0.5380952380952383,0.5284126984126983,0.544862268961,48.3,12400.0,44.986708749138714
1999_24_26,9.288888888888913,99.4666666666667,0.4444444444444444,0.0,0.42460317460317504,0.43936507936507935,0.540288400255,48.3,12400.0,43.00869253887666
1999_25_27,12.744444444444476,102.69444444444444,0.3333333333333333,0.0,0.383809523809524,0.3301587301587303,0.5348771191843329,48.3,12400.0,44.94272054503842
1999_26_28,16.1888888888889,103.78333333333343,1.0,0.0,0.3485714285714287,0.2753968253968253,0.530987380497333,48.3,12400.0,47.89183574462617
1999_27_29,12.733333333333324,99.38333333333344,0.6666666666666666,0.0,0.4306349206349207,0.18873015873015864,0.5271922880816671,48.3,12400.0,56.948734003447285
1999_28_30,10.355555555555537,109.41666666666669,0.9999999999999996,0.0,0.4865079365079366,0.14222222222222206,0.524357425111667,48.3,12400.0,53.905192283744626
1999_29_31,10.977777777777767,107.42777777777769,0.33333333333333304,0.0,0.6139682539682539,0.08285714285714288,0.524617654557,48.3,12400.0,54.48649822393367
1999_30_32,35.18888888888888,102.8333333333332,0.33333333333333304,0.0,0.5855555555555553,0.12079365079365086,0.5220852772466671,48.3,12400.0,52.29851690578303
1999_31_33,37.3222222222222,92.34999999999998,0.0,0.0,0.4507936507936507,0.29857142857142843,0.5151584448693329,48.3,12400.0,57.81083280185329
1999_32_34,33.066666666666656,96.06666666666666,0.0,0.0,0.3768253968253967,0.4587301587301586,0.5026831102613329,48.3,12400.0,62.618557283489416
1999_33_35,6.433333333333324,98.96111111111117,0.4444444444444433,0.0,0.4647619047619047,0.5393650793650793,0.495825621415,48.3,12400.0,65.15614333939229
1999_34_36,11.155555555555555,109.77777777777771,0.5555555555555544,0.0,0.6369841269841267,0.5055555555555556,0.497055704270333,48.3,12400.0,56.413351815241484
1999_35_37,25.199999999999967,102.261111111111,0.5555555555555544,0.0,0.6509523809523806,0.5914285714285713,0.507915105162667,48.3,12400.0,49.49812467575966
1999_36_38,65.1222222222223,95.3888888888888,0.111111111111111,0.0,0.5941269841269841,0.7433333333333328,0.514324219248,48.3,12400.0,48.0239582050101
2000_18_20,16.755555555555567,24.572222222222234,0.0,2.0,0.5553968253968254,0.8998412698412697,0.37808362014,55.8,10600.0,47.38613113356903
2000_19_21,23.677777777777766,32.91111111111113,0.0,1.0,0.5515873015873013,0.9077777777777776,0.419578330146333,55.8,10600.0,54.64705517971465
2000_20_22,20.788888888888884,43.92777777777778,0.0,0.8888888888888898,0.5604761904761902,0.8958730158730159,0.463101147227333,55.8,10600.0,56.05612905940583
2000_21_23,23.011111111111088,46.11111111111111,0.0,0.4444444444444444,0.555873015873016,0.9050793650793649,0.501706628425667,55.8,10600.0,58.60847187603543
2000_22_24,12.511111111111108,53.5111111111111,0.111111111111111,1.0000000000000009,0.5584126984126986,0.8793650793650793,0.525815551306667,55.8,10600.0,55.21786390217433
2000_23_25,13.988888888888885,66.83888888888893,0.111111111111111,0.6666666666666675,0.5455555555555557,0.8479365079365079,0.5357342256216671,55.8,10600.0,48.0108200194177
2000_24_26,5.5777777777777775,85.13888888888897,0.33333333333333304,0.5555555555555566,0.5506349206349207,0.7715873015873016,0.5365070745699999,55.8,10600.0,50.504108261087
2000_25_27,12.877777777777787,93.1944444444445,0.222222222222222,0.0,0.5093650793650792,0.730952380952381,0.535097068196333,55.8,10600.0,57.3562701384444
2000_26_28,11.166666666666679,93.63888888888893,0.222222222222222,0.0,0.41523809523809535,0.6684126984126982,0.5362188017843329,55.8,10600.0,56.88366539885102
2000_27_29,17.855555555555586,91.64999999999996,0.0,0.0,0.2833333333333333,0.6230158730158729,0.538733779477,55.8,10600.0,51.87859015360178
2000_28_30,13.277777777777793,93.06666666666663,0.0,0.0,0.22015873015873,0.513015873015873,0.5390282345440001,55.8,10600.0,50.80109384731908
2000_29_31,11.322222222222235,96.57777777777784,0.0,0.0,0.2499999999999997,0.3912698412698414,0.529915742511,55.8,10600.0,53.69109217669973
2000_30_32,11.577777777777767,99.6388888888891,0.0,0.0,0.3038095238095237,0.2876190476190477,0.5167243467176671,55.8,10600.0,57.773730560096794
2000_31_33,13.8888888888889,99.17777777777799,0.0,0.0,0.34015873015872994,0.22444444444444467,0.505401593371667,55.8,10600.0,57.422674063886184
2000_32_34,15.211111111111126,94.8611111111112,0.0,0.0,0.3714285714285713,0.19555555555555568,0.505173550032,55.8,10600.0,60.947182148451176
2000_33_35,12.711111111111126,88.24999999999996,0.0,0.0,0.46015873015873,0.1541269841269843,0.505677692798,55.8,10600.0,64.75617552058388
2000_34_36,8.955555555555557,77.05555555555553,0.0,0.0,0.477142857142857,0.14317460317460332,0.500743785851,55.8,10600.0,67.78753677996627
2000_35_37,17.877777777777766,72.3888888888889,0.0,0.0,0.4806349206349207,0.15571428571428567,0.487357297642,55.8,10600.0,67.73290510815191
2000_36_38,18.866666666666628,70.29444444444447,0.0,0.0,0.3766666666666667,0.21253968253968236,0.470795474825,55.8,10600.0,66.04984779135867
2001_18_20,49.99999999999998,34.05,0.0,2.000000000000001,0.5534920634920634,0.9077777777777776,0.3789126832376671,49.0,11000.0,67.1032460285891
2001_19_21,47.38888888888886,40.99444444444446,0.0,1.4444444444444444,0.5644444444444444,0.8942857142857142,0.425396239643,49.0,11000.0,65.3784663313629
2001_20_22,30.611111111111104,47.7388888888889,0.0,0.8888888888888887,0.5811111111111114,0.8623809523809527,0.471922243467,49.0,11000.0,59.99749032939858
2001_21_23,17.322222222222234,57.87222222222224,0.0,0.7777777777777777,0.5552380952380954,0.853015873015873,0.5130089228806671,49.0,11000.0,44.198303912929134
2001_22_24,17.322222222222234,71.54444444444444,0.111111111111111,0.111111111111111,0.5260317460317461,0.8306349206349206,0.5414347355003329,49.0,11000.0,47.07121326148857
2001_23_25,13.933333333333332,85.51111111111098,0.222222222222222,0.0,0.49015873015873,0.7877777777777778,0.561548693435333,49.0,11000.0,45.76469838274313
2001_24_26,11.7111111111111,98.91111111111108,0.33333333333333304,0.0,0.3906349206349206,0.7249206349206351,0.57428846399,49.0,11000.0,44.14783959732564
2001_25_27,15.155555555555534,97.35555555555555,0.222222222222222,0.0,0.2792063492063493,0.6396825396825397,0.581656277884,49.0,11000.0,46.9712126647612
2001_26_28,10.466666666666656,94.3722222222223,0.111111111111111,0.0,0.20650793650793667,0.5338095238095241,0.583271701720667,49.0,11000.0,52.19565176395481
2001_27_29,10.066666666666658,91.00555555555552,0.111111111111111,0.0,0.26285714285714296,0.3847619047619049,0.578674187380333,49.0,11000.0,54.303035168072086
2001_28_30,6.933333333333334,93.98888888888891,0.4444444444444444,0.0,0.4052380952380952,0.2503174603174603,0.569084767367667,49.0,11000.0,52.75784721605728
2001_29_31,3.911111111111111,99.47777777777776,0.7777777777777773,0.0,0.6001587301587303,0.14507936507936495,0.5539471637986669,49.0,11000.0,51.176344373981195
2001_30_32,0.9999999999999976,108.53888888888888,1.2222222222222228,0.0,0.7877777777777779,0.0669841269841268,0.537309878903667,49.0,11000.0,48.42742950340845
2001_31_33,3.211111111111107,112.55555555555569,1.0000000000000009,0.0,0.8679365079365079,0.04015873015873017,0.524460930529,49.0,11000.0,43.9410054557505
2001_32_34,5.188888888888883,107.52222222222235,0.6666666666666675,0.0,0.8185714285714288,0.038888888888888896,0.5184095602293329,49.0,11000.0,48.279165419307056
2001_33_35,15.888888888888864,99.53888888888895,0.111111111111111,0.0,0.7834920634920636,0.07285714285714273,0.518589165073333,49.0,11000.0,55.281538447579265
2001_34_36,14.422222222222205,90.60555555555544,0.222222222222222,0.0,0.6738095238095241,0.16507936507936505,0.5232622052263329,49.0,11000.0,56.52137739691917
2001_35_37,12.37777777777776,82.74444444444437,0.222222222222222,0.111111111111111,0.6753968253968253,0.2277777777777777,0.5263203951563329,49.0,11000.0,58.34654177821445
2001_36_38,9.233333333333356,76.3555555555555,0.222222222222222,0.222222222222222,0.6674603174603173,0.27269841269841266,0.521855768005333,49.0,11000.0,57.64182944611214
2002_18_20,28.044444444444434,21.6722222222222,0.0,3.3333333333333366,0.5436507936507937,0.9173015873015874,0.377528489483667,71.0,10000.0,49.94711890609688
2002_19_21,22.055555555555557,33.238888888888866,0.0,2.3333333333333357,0.566984126984127,0.8896825396825396,0.41517036328833296,71.0,10000.0,62.362047598787214
2002_20_22,28.7777777777778,48.544444444444466,0.0,1.4444444444444464,0.5926984126984127,0.87,0.455417590822,71.0,10000.0,70.60268001266486
2002_21_23,14.13333333333336,55.65000000000003,0.0,1.2222222222222232,0.6057142857142858,0.836825396825397,0.496384767367667,71.0,10000.0,65.58978642059846
2002_22_24,31.31111111111113,54.83888888888894,0.0,0.4444444444444444,0.5880952380952379,0.8396825396825397,0.529370235819,71.0,10000.0,66.81260386844815
2002_23_25,25.288888888888863,51.5722222222222,0.0,0.4444444444444444,0.5503174603174599,0.8390476190476188,0.548178776290667,71.0,10000.0,64.82722019521846
2002_24_26,25.244444444444408,68.3722222222222,0.0,0.111111111111111,0.4934920634920633,0.8314285714285713,0.5495021669853329,71.0,10000.0,59.06721168490824
2002_25_27,7.43333333333331,90.2833333333333,0.5555555555555566,0.0,0.46984126984127,0.7542857142857143,0.545861950287,71.0,10000.0,56.331884682828544
2002_26_28,5.877777777777776,96.14444444444445,0.5555555555555566,0.0,0.43761904761904796,0.657777777777778,0.5468268961123329,71.0,10000.0,53.56102998475386
2002_27_29,8.722222222222232,95.25555555555559,0.5555555555555566,0.0,0.4282539682539687,0.5355555555555557,0.557427023582,71.0,10000.0,50.881140472804894
2002_28_30,12.133333333333333,88.1833333333334,0.22222222222222232,0.0,0.3482539682539687,0.4526984126984126,0.5767762268959999,71.0,10000.0,48.76264788727862
2002_29_31,11.244444444444444,92.93333333333351,0.22222222222222232,0.0,0.32936507936507964,0.35492063492063464,0.582220522625667,71.0,10000.0,48.97482813582328
2002_30_32,10.366666666666644,94.10000000000014,0.3333333333333333,0.0,0.363809523809524,0.2844444444444443,0.574388017845667,71.0,10000.0,51.68585286725122
2002_31_33,10.466666666666645,108.72222222222231,1.2222222222222212,0.0,0.4295238095238097,0.21317460317460332,0.559916061185333,71.0,10000.0,56.335109762818824
2002_32_34,10.755555555555535,104.81111111111113,1.4444444444444435,0.0,0.478888888888889,0.15777777777777802,0.560199745060333,71.0,10000.0,63.579055422881815
2002_33_35,6.311111111111099,99.11666666666672,1.3333333333333324,0.111111111111111,0.5934920634920636,0.09158730158730173,0.569066602931667,71.0,10000.0,60.6625816532006
2002_34_36,3.1111111111111094,84.588888888889,0.22222222222222232,0.111111111111111,0.7560317460317459,0.04396825396825397,0.5723779477373331,71.0,10000.0,54.22923578391157
2002_35_37,13.722222222222245,78.4666666666667,0.22222222222222232,0.111111111111111,0.7838095238095241,0.0811111111111113,0.568467367750333,71.0,10000.0,56.261224003644394
2002_36_38,15.011111111111132,78.48888888888891,0.22222222222222232,0.0,0.6242857142857143,0.17047619047619056,0.559178266411667,71.0,10000.0,64.51602559545704
2003_18_20,10.922222222222222,20.3,0.0,2.333333333333333,0.5552380952380953,0.8980952380952384,0.34400911408533297,53.0,10000.0,71.40944102090238
2003_19_21,11.055555555555554,30.183333333333298,0.0,1.6666666666666676,0.5922222222222223,0.8665079365079368,0.3769387507963329,53.0,10000.0,58.62614990990949
2003_20_22,22.888888888888868,41.727777777777774,0.0,0.7777777777777777,0.5836507936507938,0.8749206349206351,0.410630082855,53.0,10000.0,57.805053505061444
2003_21_23,22.65555555555553,55.199999999999974,0.0,0.222222222222222,0.5690476190476191,0.8728571428571431,0.4393437858506671,53.0,10000.0,60.2796852667986
2003_22_24,25.9111111111111,57.32222222222219,0.0,0.111111111111111,0.527301587301587,0.8949206349206351,0.476995857234,53.0,10000.0,54.43215538633187
2003_23_25,12.4888888888889,67.04444444444444,0.0,0.111111111111111,0.5080952380952379,0.8750793650793653,0.511221542384,53.0,10000.0,53.538094338079425
2003_24_26,8.955555555555566,83.19444444444456,0.22222222222222232,0.0,0.4928571428571431,0.7982539682539683,0.5351970044616671,53.0,10000.0,48.97208707145158
2003_25_27,5.255555555555566,100.2777777777778,0.3333333333333333,0.0,0.472857142857143,0.7020634920634921,0.542528489484,53.0,10000.0,49.09523993238397
2003_26_28,10.344444444444463,104.81111111111113,0.3333333333333333,0.0,0.4565079365079364,0.5876190476190474,0.5453536647546671,53.0,10000.0,46.444175039726694
2003_27_29,21.211111111111133,105.61111111111113,0.111111111111111,0.0,0.34904761904761866,0.5617460317460318,0.552308030592667,53.0,10000.0,47.346203336905866
2003_28_30,25.277777777777768,108.1777777777778,0.0,0.0,0.2358730158730157,0.550952380952381,0.563563734862667,53.0,10000.0,50.745769433699444
2003_29_31,22.199999999999967,108.08888888888883,0.0,0.0,0.17,0.510793650793651,0.568393562778667,53.0,10000.0,55.915080539091726
2003_30_32,39.17777777777777,111.08333333333314,0.111111111111111,0.0,0.1260317460317461,0.5741269841269844,0.565191204589,53.0,10000.0,59.342689111599064
2003_31_33,32.688888888888904,108.81111111111116,0.111111111111111,0.0,0.07349206349206351,0.6006349206349211,0.560280242192667,53.0,10000.0,59.44128762348852
2003_32_34,31.566666666666695,109.20000000000007,0.111111111111111,0.0,0.07301587301587284,0.608888888888889,0.5623671128109999,53.0,10000.0,59.6305686157354
2003_33_35,7.8444444444444565,94.20000000000003,0.0,0.0,0.19031746031746008,0.4692063492063493,0.5704192479286669,53.0,10000.0,55.82485959632218
2003_34_36,23.211111111111126,81.34999999999997,0.0,0.111111111111111,0.29952380952380936,0.43111111111111106,0.573638432122333,53.0,10000.0,52.80450476688783
2003_35_37,20.888888888888896,67.80000000000003,0.0,0.33333333333333304,0.2993650793650793,0.4774603174603173,0.569714149139333,53.0,10000.0,57.23660797855354
2003_36_38,19.133333333333333,73.56111111111117,0.0,0.33333333333333304,0.28888888888888903,0.5012698412698409,0.556026131293667,53.0,10000.0,60.172667625465486
2004_18_20,10.711111111111123,33.19999999999997,0.0,3.0,0.5965079365079368,0.8552380952380952,0.326067686424667,52.0,7500.0,64.64093341167377
2004_19_21,7.6,35.027777777777764,0.0,3.1111111111111103,0.6171428571428574,0.8220634920634923,0.365224665392,52.0,7500.0,62.968485714780066
2004_20_22,11.466666666666653,31.80555555555553,0.0,2.5555555555555567,0.6028571428571431,0.8142857142857144,0.3973615041426671,52.0,7500.0,64.2620016360072
2004_21_23,15.266666666666644,31.433333333333334,0.0,2.222222222222223,0.5565079365079367,0.8406349206349207,0.442340917782,52.0,7500.0,70.91793073490041
2004_22_24,14.733333333333313,37.05,0.111111111111111,1.3333333333333348,0.5334920634920637,0.85015873015873,0.4864268961123329,52.0,7500.0,64.87200891833336
2004_23_25,11.555555555555545,53.79444444444443,0.111111111111111,0.7777777777777786,0.5439682539682544,0.8174603174603172,0.521326832377333,52.0,7500.0,56.27249564183961
2004_24_26,19.944444444444443,65.50555555555553,0.111111111111111,0.222222222222222,0.4969841269841274,0.7785714285714284,0.5433034416826671,52.0,7500.0,49.605640936362775
2004_25_27,21.288888888888884,74.64999999999995,0.0,0.0,0.4369841269841274,0.7419047619047617,0.5467768005100001,52.0,7500.0,45.34204938270522
2004_26_28,19.366666666666664,78.35000000000005,0.0,0.0,0.3941269841269843,0.6938095238095237,0.5342133843213329,52.0,7500.0,42.002428235460954
2004_27_29,6.955555555555551,88.75555555555559,0.0,0.0,0.4041269841269844,0.5953968253968253,0.5088937539833329,52.0,7500.0,42.688292713353185
2004_28_30,13.32222222222223,99.14999999999992,0.0,0.0,0.3320634920634924,0.5333333333333334,0.4915347355,52.0,7500.0,49.410124381470574
2004_29_31,13.177777777777786,105.43888888888868,0.111111111111111,0.0,0.2649206349206353,0.4436507936507937,0.486643977055333,52.0,7500.0,49.30028118098964
2004_30_32,16.26666666666667,104.4388888888887,0.111111111111111,0.0,0.2960317460317463,0.35825396825396844,0.492800063735,52.0,7500.0,50.21223673786174
2004_31_33,8.633333333333324,102.4388888888887,0.111111111111111,0.0,0.37888888888888894,0.2346031746031747,0.5006455704273329,52.0,7500.0,54.48797802055452
2004_32_34,17.49999999999999,101.88333333333335,0.0,0.0,0.408095238095238,0.20174603174603165,0.509734671765667,52.0,7500.0,54.75205823814685
2004_33_35,13.488888888888885,97.4166666666667,0.0,0.0,0.368253968253968,0.20174603174603165,0.520748183556333,52.0,7500.0,56.01394706686163
2004_34_36,29.488888888888894,88.58333333333347,0.0,0.0,0.34063492063492024,0.284920634920635,0.534182409177667,52.0,7500.0,59.438370891186146
2004_35_37,22.755555555555567,81.57222222222222,0.0,0.0,0.31317460317460305,0.367936507936508,0.544611153601,52.0,7500.0,59.568355464654076
2004_36_38,35.87777777777777,75.44444444444444,0.0,0.111111111111111,0.283968253968254,0.458888888888889,0.546106883365333,52.0,7500.0,60.204211659533726
2005_18_20,28.97777777777775,23.155555555555573,0.0,1.6666666666666667,0.5585714285714286,0.8985714285714285,0.39966647546233297,48.0,8000.0,60.08377163395935
2005_19_21,31.277777777777747,26.7,0.0,0.7777777777777768,0.5506349206349207,0.906190476190476,0.43382740599133296,48.0,8000.0,66.99562282769452
2005_20_22,31.033333333333303,40.66111111111106,0.0,0.0,0.5639682539682539,0.8923809523809524,0.466534799235333,48.0,8000.0,54.51894148808681
2005_21_23,20.155555555555534,57.97777777777776,0.0,0.22222222222222232,0.5780952380952383,0.8780952380952379,0.499749203314333,48.0,8000.0,43.066889998251156
2005_22_24,16.177777777777766,65.5277777777778,0.0,0.22222222222222232,0.5882539682539684,0.8461904761904759,0.533858126195,48.0,8000.0,38.928852060994764
2005_23_25,21.4222222222222,70.5833333333334,0.222222222222222,0.3333333333333333,0.5579365079365081,0.83031746031746,0.5657094964946671,48.0,8000.0,37.9099349504242
2005_24_26,18.8,78.71111111111112,0.444444444444444,0.111111111111111,0.5244444444444444,0.8006349206349204,0.588467750159333,48.0,8000.0,38.356123758536235
2005_25_27,17.555555555555536,87.36666666666662,0.444444444444444,0.111111111111111,0.4571428571428571,0.7849206349206347,0.598614212874333,48.0,8000.0,43.83383945658718
2005_26_28,19.233333333333327,90.36111111111104,0.222222222222222,0.0,0.3376190476190473,0.7736507936507934,0.603953855959,48.0,8000.0,50.07277134101049
2005_27_29,15.39999999999999,94.68888888888893,0.33333333333333304,0.0,0.226190476190476,0.6999999999999996,0.6121919056723331,48.0,8000.0,46.85366743066927
2005_28_30,16.177777777777788,99.82777777777784,0.444444444444444,0.0,0.163174603174603,0.5976190476190474,0.623220586360667,48.0,8000.0,47.60018319983155
2005_29_31,11.988888888888885,100.7777777777779,0.444444444444444,0.0,0.1842857142857143,0.461269841269841,0.628332695984667,48.0,8000.0,49.37495417310744
2005_30_32,12.411111111111113,99.8777777777779,0.5555555555555544,0.0,0.25206349206349193,0.3431746031746031,0.626475079668333,48.0,8000.0,50.67990686476713
2005_31_33,6.6111111111111125,96.48888888888905,0.4444444444444433,0.0,0.37206349206349204,0.22047619047619035,0.619866093052667,48.0,8000.0,52.41133082825146
2005_32_34,5.16666666666667,98.29444444444454,0.5555555555555544,0.0,0.5257142857142857,0.12603174603174602,0.6138446781386669,48.0,8000.0,52.04618630827904
2005_33_35,8.944444444444422,97.92222222222222,0.3333333333333333,0.0,0.5980952380952379,0.10333333333333332,0.607102549394333,48.0,8000.0,48.4013978296212
2005_34_36,11.211111111111087,93.71111111111107,0.3333333333333333,0.0,0.5976190476190476,0.09984126984126987,0.5993354365836671,48.0,8000.0,45.78849860799234
2005_35_37,28.999999999999968,89.48888888888888,0.22222222222222232,0.0,0.5334920634920634,0.1693650793650792,0.5908216698533331,48.0,8000.0,47.448014950398544
2005_36_38,27.633333333333336,76.85555555555557,0.0,0.22222222222222232,0.3982539682539683,0.33206349206349184,0.583317782026667,48.0,8000.0,48.98193473346891
2006_18_20,15.300000000000011,52.3388888888889,0.0,1.2222222222222212,0.6236507936507937,0.8293650793650791,0.43157272147866704,41.0,6000.0,55.247072784108106
2006_19_21,15.777777777777793,54.79999999999996,0.0,1.3333333333333324,0.5771428571428571,0.8336507936507936,0.469003377947667,41.0,6000.0,61.31358201695969
2006_20_22,39.57777777777782,60.58333333333334,0.0,0.3333333333333333,0.5126984126984123,0.8528571428571431,0.511295347355,41.0,6000.0,48.297828874497284
2006_21_23,41.433333333333344,62.72777777777776,0.0,0.3333333333333333,0.4599999999999997,0.8734920634920638,0.553654557042667,41.0,6000.0,41.37294276687693
2006_22_24,50.26666666666667,72.9055555555556,0.0,0.111111111111111,0.3617460317460317,0.8811111111111108,0.586898534098,41.0,6000.0,41.74531859939527
2006_23_25,41.63333333333333,84.40555555555557,0.0,0.0,0.2320634920634921,0.8825396825396824,0.6008929254300001,41.0,6000.0,42.49014283878324
2006_24_26,31.566666666666666,98.86666666666679,0.0,0.0,0.11682539682539694,0.8419047619047616,0.6051593371573329,41.0,6000.0,47.87631158534417
2006_25_27,20.500000000000007,104.77777777777777,0.0,0.0,0.09476190476190477,0.7322222222222221,0.605594136392667,41.0,6000.0,52.43858710585948
2006_26_28,16.788888888888874,109.411111111111,0.22222222222222232,0.0,0.0911111111111111,0.6260317460317459,0.612000573614,41.0,6000.0,54.213072451223056
2006_27_29,35.67777777777781,111.45555555555535,0.6666666666666656,0.0,0.08333333333333333,0.54015873015873,0.622383428935667,41.0,6000.0,51.39128206334459
2006_28_30,40.74444444444447,114.2,0.6666666666666656,0.0,0.040317460317460335,0.5938095238095237,0.628601210962333,41.0,6000.0,46.516495278987875
2006_29_31,32.41111111111113,110.3,0.4444444444444433,0.0,0.0119047619047619,0.6044444444444442,0.629748183556333,41.0,6000.0,49.39339655333119
2006_30_32,17.944444444444436,99.01111111111109,0.0,0.0,0.00825396825396823,0.580793650793651,0.622364945825333,41.0,6000.0,49.59583412781286
2006_31_33,14.922222222222222,92.92777777777764,0.0,0.0,0.20920634920634906,0.4731746031746034,0.612353792224333,41.0,6000.0,52.16267186297178
2006_32_34,14.022222222222226,83.69444444444436,0.0,0.0,0.4268253968253967,0.436825396825397,0.604884639898,41.0,6000.0,51.51937426229941
2006_33_35,6.4777777777777805,77.47777777777775,0.0,0.0,0.6520634920634919,0.4036507936507937,0.593194072657667,41.0,6000.0,48.20901393113589
2006_34_36,5.622222222222224,74.64444444444446,0.0,0.0,0.7012698412698413,0.4003174603174604,0.575896685787,41.0,6000.0,41.160936933713565
2006_35_37,2.7888888888888896,72.10555555555563,0.0,0.4444444444444433,0.7406349206349206,0.3688888888888887,0.559732887189,41.0,6000.0,34.68795513014636
2006_36_38,10.133333333333333,73.7833333333334,0.0,0.7777777777777767,0.7282539682539683,0.39015873015873,0.5479377947736671,41.0,6000.0,32.36178528462781
2007_18_20,33.255555555555546,27.08333333333334,0.0,1.88888888888889,0.5833333333333334,0.8763492063492063,0.380131931166333,49.0,6500.0,35.66667127519079
2007_19_21,30.18888888888889,37.96111111111114,0.0,2.0,0.5873015873015873,0.8695238095238094,0.423365774378667,49.0,6500.0,38.342180096039044
2007_20_22,29.399999999999995,38.0166666666667,0.0,1.4444444444444435,0.5957142857142858,0.8585714285714284,0.4704639898026671,49.0,6500.0,54.19873674925062
2007_21_23,9.6,55.73333333333333,0.0,0.6666666666666666,0.5774603174603178,0.8325396825396824,0.512731612492333,49.0,6500.0,51.599859499195475
2007_22_24,15.688888888888867,67.18888888888883,0.0,0.0,0.5536507936507937,0.8090476190476189,0.545288017846,49.0,6500.0,50.26168414170037
2007_23_25,23.822222222222198,72.91666666666663,0.0,0.0,0.4955555555555557,0.824761904761905,0.570568578712667,49.0,6500.0,44.13349836490941
2007_24_26,23.6222222222222,75.65555555555551,0.0,0.0,0.394126984126984,0.8201587301587302,0.5908069471,49.0,6500.0,35.865291746419096
2007_25_27,21.366666666666664,74.8888888888889,0.0,0.0,0.2925396825396823,0.7712698412698412,0.60539292543,49.0,6500.0,37.43731634372369
2007_26_28,17.0,83.92777777777776,0.0,0.0,0.20460317460317434,0.677142857142857,0.617454748247333,49.0,6500.0,43.37527919275192
2007_27_29,22.96666666666667,92.45,0.0,0.0,0.195079365079365,0.5928571428571426,0.625717272148,49.0,6500.0,47.425738385031785
2007_28_30,27.544444444444434,108.20555555555569,0.4444444444444433,0.0,0.16968253968253966,0.5482539682539683,0.626396940726667,49.0,6500.0,47.23471586989109
2007_29_31,26.21111111111111,114.46666666666664,0.6666666666666656,0.0,0.139047619047619,0.5198412698412699,0.624003186743,49.0,6500.0,47.128377254523365
2007_30_32,18.311111111111103,107.76111111111118,0.6666666666666656,0.0,0.13365079365079333,0.4561904761904762,0.621110516252333,49.0,6500.0,50.67140191801921
2007_31_33,24.133333333333336,95.39999999999992,0.22222222222222232,0.0,0.159206349206349,0.4174603174603176,0.620259400892333,49.0,6500.0,50.4096891318617
2007_32_34,31.655555555555573,84.78888888888893,0.111111111111111,0.0,0.14222222222222206,0.4374603174603176,0.621702868069,49.0,6500.0,52.76875091009522
2007_33_35,34.0111111111111,85.30555555555553,0.111111111111111,0.0,0.1122222222222222,0.4882539682539687,0.622848502230667,49.0,6500.0,54.1564871049025
2007_34_36,19.26666666666665,81.5944444444444,0.111111111111111,0.22222222222222232,0.15968253968253954,0.4893650793650797,0.621442192479333,49.0,6500.0,56.24905105579302
2007_35_37,20.25555555555552,74.63888888888887,0.0,0.44444444444444464,0.2819047619047618,0.4860317460317463,0.616146462715,49.0,6500.0,60.01447109758698
2007_36_38,12.488888888888875,65.14444444444446,0.0,0.7777777777777779,0.45015873015873,0.5090476190476193,0.607889292543,49.0,6500.0,63.3923894300108
2008_18_20,14.044444444444435,25.366666666666664,0.0,2.777777777777777,0.5874603174603173,0.8693650793650792,0.3721604843850001,55.0,8500.0,62.14542541145611
2008_19_21,18.2222222222222,30.616666666666664,0.0,1.333333333333333,0.5787301587301587,0.8793650793650793,0.4093476099426671,55.0,8500.0,62.79891030305295
2008_20_22,23.899999999999967,36.5722222222222,0.0,1.7777777777777752,0.5631746031746029,0.896349206349206,0.4638289356276671,55.0,8500.0,60.8152726553918
2008_21_23,22.12222222222219,49.42777777777778,0.0,1.1111111111111087,0.5477777777777776,0.9023809523809521,0.5063586998086671,55.0,8500.0,60.32277730574298
2008_22_24,12.677777777777766,61.33888888888887,0.0,0.8888888888888866,0.5709523809523808,0.8538095238095235,0.5348730401526671,55.0,8500.0,52.97518983699654
2008_23_25,8.3,70.51111111111109,0.0,0.3333333333333333,0.5776190476190473,0.7938095238095239,0.531523518164333,55.0,8500.0,55.57191415681964
2008_24_26,13.98888888888891,78.8777777777778,0.0,0.0,0.5425396825396823,0.7658730158730159,0.541332695984667,55.0,8500.0,53.73082963675002
2008_25_27,17.74444444444447,90.99444444444448,0.0,0.0,0.4566666666666667,0.7642857142857143,0.563075207138333,55.0,8500.0,47.070453079936264
2008_26_28,13.655555555555578,99.47222222222237,0.3333333333333333,0.0,0.32761904761904764,0.7061904761904761,0.585268642447333,55.0,8500.0,40.816475674086725
2008_27_29,11.911111111111113,105.627777777778,0.3333333333333333,0.0,0.25603174603174605,0.5977777777777776,0.5887834289356669,55.0,8500.0,47.57776781353994
2008_28_30,17.322222222222212,107.89444444444466,0.3333333333333333,0.0,0.20142857142857126,0.503015873015873,0.57312568515,55.0,8500.0,53.72295733700428
2008_29_31,25.611111111111104,108.4055555555557,0.0,0.0,0.23238095238095235,0.4392063492063493,0.5622377947739999,55.0,8500.0,53.46845302769267
2008_30_32,23.65555555555553,102.63333333333333,0.0,0.0,0.19000000000000006,0.4366666666666667,0.5551376035693331,55.0,8500.0,53.26992830015185
2008_31_33,32.444444444444464,95.19444444444441,0.0,0.0,0.15841269841269845,0.4596825396825397,0.553459337157333,55.0,8500.0,55.65047447695169
2008_32_34,28.966666666666697,88.89999999999998,0.0,0.0,0.076984126984127,0.54,0.556661695347333,55.0,8500.0,58.60742747180115
2008_33_35,39.17777777777784,88.79999999999997,0.0,0.0,0.047936507936507895,0.6074603174603176,0.541088209050333,55.0,8500.0,60.55953213214448
2008_34_36,59.64444444444447,88.7777777777778,0.0,0.0,0.0528571428571428,0.7085714285714286,0.515252963671333,55.0,8500.0,60.26377645044869
2008_35_37,56.5888888888889,80.79444444444447,0.0,0.0,0.08936507936507923,0.8001587301587302,0.491896749522,55.0,8500.0,59.15223524115577
2008_36_38,41.611111111111114,68.2277777777778,0.0,0.4444444444444433,0.14476190476190465,0.8266666666666665,0.5020362651370001,55.0,8500.0,59.218931485611726
2009_18_20,15.588888888888901,36.25555555555553,0.111111111111111,2.3333333333333357,0.5777777777777776,0.8814285714285717,0.3894597195666671,56.0,5000.0,57.06855184844088
2009_19_21,19.222222222222236,42.472222222222186,0.0,1.2222222222222228,0.5657142857142857,0.8957142857142858,0.417240917782,56.0,5000.0,63.44904859192231
2009_20_22,13.7111111111111,43.86111111111111,0.0,1.6666666666666676,0.56015873015873,0.8784126984126986,0.4545314212873329,56.0,5000.0,63.224200604590074
2009_21_23,11.088888888888881,49.15555555555557,0.0,0.7777777777777777,0.5415873015873013,0.8596825396825399,0.498421606118667,56.0,5000.0,62.96793048197433
2009_22_24,16.78888888888888,52.20000000000001,0.0,0.7777777777777777,0.5406349206349207,0.8263492063492063,0.534478648821,56.0,5000.0,55.639601172080326
2009_23_25,15.277777777777775,64.41111111111114,0.0,0.111111111111111,0.5042857142857143,0.796984126984127,0.540334034417,56.0,5000.0,48.975215346056196
2009_24_26,20.733333333333327,78.58333333333323,0.0,0.111111111111111,0.4214285714285717,0.7836507936507937,0.439289738687,56.0,5000.0,42.574045987485235
2009_25_27,16.277777777777764,91.461111111111,0.0,0.0,0.3141269841269844,0.7415873015873017,0.391033078394,56.0,5000.0,43.69973929140983
2009_26_28,13.833333333333325,87.54999999999987,0.0,0.0,0.23174603174603195,0.6487301587301587,0.4254727852136671,56.0,5000.0,48.944040189195576
2009_27_29,11.855555555555556,83.0833333333333,0.0,0.0,0.2533333333333333,0.505238095238095,0.5413121733590001,56.0,5000.0,56.69836531673926
2009_28_30,24.03333333333332,84.0,0.0,0.0,0.224285714285714,0.4614285714285714,0.606240152963667,56.0,5000.0,57.34786107887579
2009_29_31,32.78888888888887,100.73333333333332,0.3333333333333333,0.0,0.16984126984126965,0.4865079365079364,0.596956787762667,56.0,5000.0,51.92358022756462
2009_30_32,29.011111111111077,104.6777777777778,0.3333333333333333,0.0,0.08888888888888873,0.505079365079365,0.593016188655,56.0,5000.0,50.86413112641583
2009_31_33,15.044444444444444,105.17777777777776,0.6666666666666666,0.0,0.0965079365079364,0.4236507936507937,0.571828680688,56.0,5000.0,54.07592155923338
2009_32_34,17.677777777777774,106.96666666666677,1.2222222222222232,0.0,0.28841269841269845,0.2946031746031747,0.404067813894,56.0,5000.0,52.7669265224359
2009_33_35,47.84444444444443,98.74444444444453,1.2222222222222232,0.0,0.3295238095238093,0.3525396825396827,0.310725748884333,56.0,5000.0,63.702306282373314
2009_34_36,43.68888888888886,89.76111111111123,0.8888888888888898,0.0,0.3268253968253967,0.5230158730158729,0.320192351816333,56.0,5000.0,78.00501775523256
2009_35_37,34.066666666666656,67.86666666666666,0.0,0.4444444444444433,0.27190476190476165,0.6877777777777777,0.466755449330667,56.0,5000.0,80.04921475760435
2009_36_38,4.788888888888887,56.62222222222224,0.0,0.8888888888888866,0.34142857142857136,0.7174603174603172,0.5373469088593329,56.0,5000.0,73.71514089572639
2010_18_20,5.86666666666667,38.92222222222223,0.0,1.5555555555555542,0.6003174603174605,0.8265079365079367,0.42557667304,59.0,5500.0,65.83772728772323
2010_19_21,5.433333333333337,40.377777777777794,0.0,1.4444444444444435,0.6479365079365079,0.7782539682539683,0.44466341618833294,59.0,5500.0,57.0302420854601
2010_20_22,48.977777777777774,51.81111111111114,0.0,0.4444444444444433,0.6212698412698413,0.8014285714285713,0.456751561504,59.0,5500.0,53.57231961102852
2010_21_23,49.211111111111116,54.75000000000003,0.0,0.111111111111111,0.5730158730158729,0.8300000000000001,0.474354684512333,59.0,5500.0,50.2219915698533
2010_22_24,50.166666666666686,63.73888888888885,0.111111111111111,0.111111111111111,0.5215873015873013,0.8473015873015873,0.498066156787667,59.0,5500.0,49.49696553319509
2010_23_25,6.411111111111122,75.8722222222222,0.111111111111111,0.111111111111111,0.4757142857142853,0.77,0.5209932441043329,59.0,5500.0,50.866750571917876
2010_24_26,16.93333333333334,83.58333333333326,0.222222222222222,0.0,0.3899999999999996,0.7431746031746029,0.524422052262667,59.0,5500.0,54.933970277372985
2010_25_27,31.588888888888906,97.2833333333332,0.33333333333333304,0.0,0.30666666666666664,0.7009523809523808,0.5292801784576671,59.0,5500.0,53.30755455993934
2010_26_28,41.21111111111113,106.75555555555529,0.555555555555555,0.0,0.19333333333333347,0.7522222222222221,0.537010771192,59.0,5500.0,43.656536595523505
2010_27_29,36.24444444444447,114.40555555555534,0.444444444444444,0.0,0.1234920634920637,0.7096825396825398,0.5318154875716671,59.0,5500.0,53.554374647005304
2010_28_30,19.877777777777773,104.21666666666654,0.33333333333333304,0.0,0.046031746031746035,0.6576190476190477,0.518616634799333,59.0,5500.0,56.81209728439389
2010_29_31,22.511111111111077,96.4777777777778,0.111111111111111,0.0,0.06444444444444447,0.5580952380952383,0.5047840662843329,59.0,5500.0,58.211346213361054
2010_30_32,15.999999999999964,93.63333333333335,0.111111111111111,0.0,0.0807936507936508,0.4733333333333333,0.524359464627333,59.0,5500.0,56.88628409367166
2010_31_33,17.999999999999954,96.9666666666667,0.0,0.0,0.1609523809523811,0.3912698412698414,0.5398332695986671,59.0,5500.0,54.11318133240131
2010_32_34,7.3666666666666565,95.81666666666666,0.0,0.0,0.26000000000000023,0.2733333333333334,0.5489572976420001,59.0,5500.0,54.24117389006295
2010_33_35,17.877777777777766,103.73333333333342,1.0,0.0,0.4611111111111113,0.20936507936507934,0.5413648183556671,59.0,5500.0,54.720869735839045
2010_34_36,16.61111111111111,95.8722222222223,1.0,0.0,0.504920634920635,0.256031746031746,0.534957743786,59.0,5500.0,61.720519147780784
2010_35_37,29.00000000000001,84.12222222222233,1.0,0.0,0.5199999999999999,0.3773015873015873,0.522720267686333,59.0,5500.0,61.59442384476823
2010_36_38,18.81111111111112,63.45555555555556,0.0,0.0,0.4215873015873017,0.5260317460317463,0.472501274697333,59.0,5500.0,55.30638742422906
2011_18_20,43.96666666666664,35.388888888888886,0.0,0.5555555555555554,0.548888888888889,0.9130158730158732,0.232795347355,55.0,4000.0,58.663562609319975
2011_19_21,41.31111111111107,44.188888888888904,0.0,0.44444444444444464,0.5549206349206349,0.9038095238095241,0.326266857871333,55.0,4000.0,72.00830762571599
2011_20_22,20.3444444444444,55.42777777777778,0.0,0.44444444444444464,0.566666666666667,0.8861904761904763,0.43401695347366703,55.0,4000.0,62.161184775762244
2011_21_23,10.033333333333312,60.1722222222222,0.0,0.3333333333333333,0.5785714285714287,0.8512698412698413,0.474841491396,55.0,4000.0,62.4207236338141
2011_22_24,27.833333333333343,57.961111111111094,0.0,0.111111111111111,0.5473015873015873,0.8601587301587305,0.37152071383066704,55.0,4000.0,56.86757578703471
2011_23_25,24.722222222222246,59.27777777777779,0.0,0.111111111111111,0.5107936507936507,0.8485714285714286,0.261817527087667,55.0,4000.0,45.91611714960097
2011_24_26,23.88888888888891,70.45555555555559,0.0,0.0,0.4706349206349206,0.8180952380952379,0.234751370299667,55.0,4000.0,51.00196168054158
2011_25_27,8.500000000000012,83.98333333333336,0.22222222222222232,0.0,0.4187301587301586,0.7126984126984123,0.39073957935,55.0,4000.0,59.2600905468027
2011_26_28,16.033333333333346,91.56666666666666,0.22222222222222232,0.0,0.3017460317460316,0.6587301587301583,0.511847418738,55.0,4000.0,62.23461737500982
2011_27_29,19.677777777777802,96.51111111111109,0.3333333333333333,0.0,0.19809523809523802,0.5976190476190474,0.578362842575,55.0,4000.0,56.721316878990436
2011_28_30,28.222222222222232,92.95555555555549,0.111111111111111,0.0,0.13222222222222235,0.5728571428571426,0.568896813256667,55.0,4000.0,45.45436691108732
2011_29_31,33.611111111111136,94.98333333333328,0.111111111111111,0.0,0.08444444444444464,0.5969841269841266,0.555907839388,55.0,4000.0,46.627893159033654
2011_30_32,44.188888888888904,88.93333333333322,0.0,0.0,0.01682539682539697,0.7046031746031742,0.5374247928613329,55.0,4000.0,55.08965147827051
2011_31_33,36.022222222222226,94.97222222222216,0.0,0.0,-0.038888888888888896,0.7750793650793649,0.537073741236333,55.0,4000.0,60.44750371930375
2011_32_34,30.78888888888891,97.05555555555556,0.0,0.0,-0.0303174603174603,0.7371428571428572,0.5500231994899999,55.0,4000.0,63.04412441257778
2011_33_35,15.877777777777787,95.80555555555559,0.0,0.0,-0.0033333333333333327,0.6280952380952383,0.557459464627,55.0,4000.0,61.441704812896816
2011_34_36,14.866666666666687,84.6444444444445,0.0,0.0,0.04396825396825387,0.531746031746032,0.547176226896,55.0,4000.0,57.41281731452411
2011_35_37,11.144444444444456,77.34444444444446,0.0,0.22222222222222232,0.08507936507936498,0.44841269841269865,0.531347609942667,55.0,4000.0,52.71213425852229
2011_36_38,14.255555555555565,74.1833333333333,0.0,0.22222222222222232,0.21539682539682534,0.3952380952380953,0.5246984066286671,55.0,4000.0,55.91585810082702
2012_18_20,10.955555555555547,36.6722222222222,0.0,3.2222222222222228,0.5941269841269844,0.8587301587301587,0.4028186743146671,63.0,5000.0,56.462622974354666
2012_19_21,11.111111111111102,54.65555555555554,0.0,1.3333333333333324,0.6212698412698413,0.8246031746031747,0.462670681963,63.0,5000.0,75.74255537624482
2012_20_22,5.1111111111111,57.633333333333304,0.0,0.22222222222222232,0.6265079365079363,0.7785714285714285,0.466723709369,63.0,5000.0,65.2277216792328
2012_21_23,9.955555555555543,51.4111111111111,0.0,0.111111111111111,0.6026984126984122,0.7438095238095239,0.464827597195667,63.0,5000.0,60.96288707633901
2012_22_24,9.577777777777767,50.52777777777776,0.0,0.111111111111111,0.5699999999999997,0.7174603174603176,0.469197705545,63.0,5000.0,45.93611611648791
2012_23_25,16.544444444444434,61.60555555555553,0.0,0.111111111111111,0.5504761904761903,0.6784126984126986,0.4710318674316671,63.0,5000.0,36.17027262680893
2012_24_26,23.4,80.95555555555553,0.111111111111111,0.0,0.4117460317460317,0.6917460317460321,0.4726392606756671,63.0,5000.0,35.37715387753711
2012_25_27,26.755555555555574,93.98888888888888,0.111111111111111,0.0,0.2782539682539684,0.6511111111111113,0.483047864882,63.0,5000.0,38.13603213664261
2012_26_28,16.38888888888891,102.0,0.33333333333333304,0.0,0.203968253968254,0.5634920634920637,0.5367131931166671,63.0,5000.0,49.03290002358762
2012_27_29,4.944444444444454,100.18888888888893,0.222222222222222,0.0,0.3182539682539683,0.3696825396825397,0.5666402166986669,63.0,5000.0,60.224086211227466
2012_28_30,6.577777777777787,98.25555555555559,0.33333333333333304,0.0,0.42904761904761896,0.2353968253968253,0.568945251753,63.0,5000.0,56.70076540776311
2012_29_31,9.877777777777775,100.82777777777794,0.4444444444444444,0.0,0.48015873015873,0.15428571428571433,0.562461567877667,63.0,5000.0,53.88906953874556
2012_30_32,14.644444444444431,107.2,0.6666666666666664,0.0,0.5566666666666666,0.11619047619047634,0.538590121096333,63.0,5000.0,57.9333197871751
2012_31_33,19.81111111111107,113.01111111111099,0.5555555555555554,0.0,0.5138095238095239,0.1465079365079367,0.461475143403333,63.0,5000.0,60.51232403779297
2012_32_34,18.211111111111077,109.34444444444419,0.222222222222222,0.0,0.501904761904762,0.1941269841269844,0.42179145952833297,63.0,5000.0,63.972188546221034
2012_33_35,20.711111111111116,99.01111111111095,0.0,0.0,0.4596825396825397,0.2882539682539687,0.433599043977,63.0,5000.0,70.9019043457264
2012_34_36,53.71111111111125,90.87777777777778,0.0,0.0,0.5468253968253967,0.4533333333333336,0.497103314213,63.0,5000.0,78.61733757735975
2012_35_37,64.38888888888904,82.1444444444445,0.0,0.0,0.5815873015873018,0.6711111111111112,0.535166347992667,63.0,5000.0,77.82359059681711
2012_36_38,77.51111111111128,79.6166666666667,0.0,0.222222222222222,0.5734920634920637,0.8588888888888891,0.5360029318039999,63.0,5000.0,70.57751556604296
2013_18_20,13.455555555555568,34.9611111111111,0.0,2.6666666666666656,0.6092063492063491,0.850952380952381,0.3838735500316671,48.5,4700.0,63.50589285405517
2013_19_21,19.8666666666667,42.45555555555557,0.0,1.3333333333333324,0.5979365079365081,0.8666666666666666,0.440004971319,48.5,4700.0,65.55701938939384
2013_20_22,15.000000000000036,43.91111111111113,0.111111111111111,1.333333333333332,0.553809523809524,0.9033333333333332,0.47855806246,48.5,4700.0,61.62670279451675
2013_21_23,31.04444444444447,57.422222222222224,0.111111111111111,0.5555555555555554,0.5696825396825399,0.8909523809523806,0.5049546845123329,48.5,4700.0,56.333038326051
2013_22_24,33.3222222222222,61.56111111111114,0.111111111111111,0.222222222222222,0.5414285714285717,0.8984126984126982,0.526462523900333,48.5,4700.0,45.82491810713294
2013_23_25,30.9222222222222,64.9111111111111,0.0,0.0,0.5207936507936509,0.8642857142857143,0.529299808795333,48.5,4700.0,44.14058558903724
2013_24_26,20.811111111111103,76.08333333333336,0.111111111111111,0.0,0.4947619047619047,0.8365079365079366,0.524233970682,48.5,4700.0,42.46680977204329
2013_25_27,15.477777777777796,93.13888888888891,0.444444444444444,0.0,0.4117460317460317,0.8103174603174602,0.528500254939667,48.5,4700.0,44.17963612612342
2013_26_28,17.533333333333367,99.21666666666664,0.555555555555555,0.0,0.293333333333333,0.7606349206349203,0.555556532823667,48.5,4700.0,41.81886422213973
2013_27_29,10.522222222222242,103.44999999999996,0.7777777777777773,0.0,0.19857142857142832,0.6487301587301583,0.573181261950333,48.5,4700.0,41.97685554256228
2013_28_30,23.777777777777768,101.36666666666665,0.4444444444444444,0.0,0.15888888888888866,0.5717460317460312,0.581757233907,48.5,4700.0,45.11358263317337
2013_29_31,21.65555555555554,102.19999999999996,0.3333333333333333,0.0,0.11999999999999993,0.5158730158730156,0.583594710006333,48.5,4700.0,46.00792491127817
2013_30_32,25.988888888888866,97.3944444444444,0.0,0.0,0.0965079365079366,0.4692063492063489,0.595113384321333,48.5,4700.0,45.518065855758444
2013_31_33,10.299999999999986,92.62777777777771,0.0,0.0,0.11603174603174593,0.34888888888888864,0.6007727852136671,48.5,4700.0,49.88701635586421
2013_32_34,8.366666666666656,90.49999999999996,0.111111111111111,0.0,0.31603174603174594,0.2095238095238093,0.5868994263863331,48.5,4700.0,50.44668637294045
2013_33_35,7.166666666666689,89.5333333333333,0.111111111111111,0.0,0.5517460317460317,0.122063492063492,0.565933970682,48.5,4700.0,51.04845627130423
2013_34_36,25.522222222222265,82.83333333333333,0.111111111111111,0.222222222222222,0.5549206349206349,0.20031746031746034,0.5525885277246669,48.5,4700.0,48.423961496695675
2013_35_37,35.722222222222264,80.5333333333333,0.0,0.222222222222222,0.4114285714285713,0.3822222222222223,0.55654652645,48.5,4700.0,46.40915181365139
2013_36_38,34.80000000000003,70.94444444444444,0.0,0.444444444444444,0.2247619047619047,0.5861904761904763,0.567692351816667,48.5,4700.0,48.390996107472745
2014_18_20,12.755555555555556,26.377777777777766,0.0,3.6666666666666696,0.5584126984126984,0.8952380952380956,0.295557488846333,59.7,3000.0,56.743687603272804
2014_19_21,6.2000000000000135,33.050000000000004,0.0,2.77777777777778,0.5950793650793651,0.8498412698412703,0.330911089866,59.7,3000.0,85.60009983292193
2014_20_22,4.822222222222223,36.15,0.0,2.4444444444444464,0.6274603174603174,0.8082539682539687,0.36541281070733295,59.7,3000.0,84.54228676060352
2014_21_23,8.655555555555567,43.93333333333334,0.0,1.5555555555555565,0.6382539682539681,0.7790476190476193,0.41841077119166703,59.7,3000.0,82.17875147255324
2014_22_24,18.11111111111111,55.03333333333334,0.0,1.2222222222222232,0.5925396825396824,0.7688888888888891,0.465866539197,59.7,3000.0,72.02465731400264
2014_23_25,28.566666666666666,65.4388888888889,0.0,0.0,0.5234920634920633,0.7965079365079366,0.501762715105333,59.7,3000.0,61.596156365846944
2014_24_26,39.311111111111096,68.64444444444443,0.0,0.0,0.4514285714285713,0.8282539682539682,0.5155899298916671,59.7,3000.0,49.90851210230178
2014_25_27,39.23333333333333,82.0722222222221,0.222222222222222,0.0,0.33730158730158694,0.8249206349206348,0.529260994263667,59.7,3000.0,49.77013316622165
2014_26_28,26.733333333333334,96.69999999999978,0.33333333333333304,0.0,0.24460317460317435,0.7317460317460317,0.5441601657103329,59.7,3000.0,48.948945591046474
2014_27_29,22.78888888888891,106.333333333333,0.33333333333333304,0.0,0.16603174603174595,0.6358730158730158,0.544927023581667,59.7,3000.0,57.36067593708131
2014_28_30,17.055555555555564,103.42222222222205,0.3333333333333333,0.0,0.14603174603174598,0.5414285714285714,0.5365862970043329,59.7,3000.0,60.75528699657378
2014_29_31,19.9777777777778,103.32777777777771,0.22222222222222232,0.0,0.15444444444444436,0.4574603174603174,0.5157647546206671,59.7,3000.0,56.98312905480029
2014_30_32,16.0888888888889,98.93333333333337,0.22222222222222232,0.0,0.18317460317460305,0.3582539682539683,0.506956532823333,59.7,3000.0,56.77334492757443
2014_31_33,17.966666666666697,95.07777777777777,0.0,0.0,0.2492063492063493,0.2834920634920637,0.504070681963,59.7,3000.0,59.135791953783695
2014_32_34,19.322222222222234,86.71666666666664,0.0,0.0,0.2525396825396827,0.2774603174603177,0.514932759719667,59.7,3000.0,62.91346273013876
2014_33_35,13.4888888888889,83.1,0.0,0.111111111111111,0.292063492063492,0.2384126984126987,0.528582345443,59.7,3000.0,65.5331958209218
2014_34_36,16.599999999999998,85.05555555555556,0.0,0.111111111111111,0.3534920634920633,0.2277777777777777,0.5463170809433329,59.7,3000.0,67.46306666374072
2014_35_37,14.800000000000011,76.77222222222225,0.0,0.4444444444444444,0.4526984126984126,0.22158730158730167,0.551575143403333,59.7,3000.0,63.85310768658299
2014_36_38,23.911111111111143,61.8,0.0,1.2222222222222232,0.5157142857142857,0.2796825396825397,0.536162842575,59.7,3000.0,63.61633090805185
2015_18_20,14.322222222222187,24.333333333333325,0.0,4.555555555555556,0.5877777777777776,0.8685714285714288,0.234894327597,62.7,3000.0,66.73969227319623
2015_19_21,9.766666666666646,34.76666666666667,0.0,2.8888888888888897,0.6160317460317459,0.8352380952380954,0.292961631612333,62.7,3000.0,86.44909596950635
2015_20_22,19.79999999999996,50.57222222222219,0.0,1.5555555555555565,0.599365079365079,0.8366666666666668,0.348905544933,62.7,3000.0,90.50370620092598
2015_21_23,24.233333333333288,48.7,0.0,0.8888888888888891,0.5671428571428571,0.8561904761904765,0.407540089228667,62.7,3000.0,81.45586641884168
2015_22_24,31.0222222222222,62.472222222222186,0.0,0.3333333333333333,0.5273015873015869,0.8807936507936509,0.4581643084766671,62.7,3000.0,73.2746759951456
2015_23_25,43.6,53.694444444444436,0.0,0.4444444444444444,0.4692063492063489,0.9052380952380952,0.507170809432667,62.7,3000.0,63.91806052083876
2015_24_26,49.20000000000002,64.82777777777778,0.0,0.222222222222222,0.408253968253968,0.8976190476190476,0.5283022307203329,62.7,3000.0,57.705350453843806
2015_25_27,41.23333333333334,68.1388888888889,0.0,0.111111111111111,0.354126984126984,0.8660317460317459,0.5222089866156671,62.7,3000.0,54.38314814333251
2015_26_28,18.32222222222223,81.6388888888889,0.0,0.0,0.307142857142857,0.7547619047619047,0.509633078394,62.7,3000.0,54.10454814566066
2015_27_29,7.833333333333331,90.68888888888893,0.0,0.0,0.3166666666666664,0.5903174603174599,0.517847036329,62.7,3000.0,61.36197919348172
2015_28_30,12.02222222222222,91.00000000000004,0.0,0.0,0.2677777777777773,0.4646031746031743,0.542318546845333,62.7,3000.0,59.681062213568474
2015_29_31,15.977777777777767,92.7722222222223,0.111111111111111,0.0,0.27920634920634896,0.38301587301587264,0.561600764818667,62.7,3000.0,53.13130198274073
2015_30_32,16.099999999999998,96.88888888888901,0.33333333333333304,0.0,0.2725396825396827,0.33412698412698405,0.564025557680333,62.7,3000.0,54.481614359994616
2015_31_33,14.644444444444431,102.5,0.33333333333333304,0.0,0.3031746031746033,0.283968253968254,0.564928170809667,62.7,3000.0,58.50204778618873
2015_32_34,13.488888888888885,111.77777777777769,0.555555555555555,0.0,0.374126984126984,0.2257142857142861,0.562510006373667,62.7,3000.0,58.02375263698474
2015_33_35,23.28888888888886,112.983333333333,0.33333333333333304,0.0,0.3930158730158727,0.25222222222222235,0.564034416826,62.7,3000.0,58.76497590716021
2015_34_36,20.2222222222222,104.3055555555553,0.33333333333333304,0.0,0.39920634920634906,0.2834920634920633,0.551853728489333,62.7,3000.0,62.07168858973406
2015_35_37,38.43333333333327,91.761111111111,0.111111111111111,0.0,0.3442857142857144,0.3925396825396823,0.5309782026766671,62.7,3000.0,65.09628632842306
2015_36_38,24.68888888888885,87.99444444444444,0.111111111111111,0.0,0.2785714285714287,0.4993650793650793,0.5137863607393329,62.7,3000.0,65.81790645993665
2016_18_20,20.911111111111122,31.761111111111106,0.0,1.2222222222222208,0.5712698412698414,0.8792063492063491,0.31365309114100004,65.2,3300.0,68.04279745804723
2016_19_21,8.366666666666667,43.1722222222222,0.0,0.9999999999999988,0.5857142857142857,0.8517460317460318,0.352593945188,65.2,3300.0,77.92807204052978
2016_20_22,8.0,53.48333333333333,0.0,0.5555555555555554,0.5863492063492064,0.8344444444444443,0.3975583173996671,65.2,3300.0,67.45864234829587
2016_21_23,13.222222222222245,59.688888888888904,0.0,0.3333333333333333,0.5573015873015873,0.8300000000000001,0.443071128107,65.2,3300.0,64.80521304389394
2016_22_24,12.788888888888913,57.5888888888889,0.0,0.3333333333333333,0.5138095238095236,0.8244444444444444,0.481661249203333,65.2,3300.0,55.0624228613637
2016_23_25,11.588888888888908,66.3333333333333,0.0,0.0,0.5053968253968253,0.7769841269841268,0.5128646908856671,65.2,3300.0,47.918218890698064
2016_24_26,5.466666666666666,79.9444444444443,0.111111111111111,0.0,0.4703174603174602,0.6798412698412696,0.530775971956333,65.2,3300.0,42.05687597478061
2016_25_27,17.033333333333356,90.03333333333319,0.111111111111111,0.0,0.3976190476190476,0.5965079365079363,0.539341746335,65.2,3300.0,38.95287956599515
2016_26_28,21.133333333333358,96.4944444444442,0.33333333333333304,0.0,0.25301587301587297,0.5753968253968252,0.5396763543656671,65.2,3300.0,36.310882932966045
2016_27_29,20.61111111111113,97.10555555555555,0.222222222222222,0.0,0.17412698412698402,0.5280952380952381,0.548910834926667,65.2,3300.0,46.52718346667336
2016_28_30,10.533333333333333,108.8444444444443,0.33333333333333304,0.0,0.18031746031746035,0.4195238095238096,0.554021733588333,65.2,3300.0,55.5179270333472
2016_29_31,9.066666666666665,108.0944444444443,0.222222222222222,0.0,0.28174603174603163,0.26444444444444465,0.555979796048667,65.2,3300.0,56.45279060305309
2016_30_32,17.0222222222222,103.33888888888866,0.33333333333333304,0.0,0.43460317460317466,0.17079365079365094,0.548881134480667,65.2,3300.0,56.00835762602037
2016_31_33,26.533333333333307,97.22777777777763,0.222222222222222,0.0,0.3885714285714286,0.2395238095238097,0.548981835564,65.2,3300.0,62.00151127303327
2016_32_34,26.355555555555533,95.85,0.111111111111111,0.0,0.2753968253968256,0.32031746031746033,0.556901402167,65.2,3300.0,66.0049778490398
2016_33_35,18.777777777777786,92.34444444444445,0.0,0.0,0.1538095238095239,0.35095238095238096,0.555610388782667,65.2,3300.0,68.21104455104748
2016_34_36,6.544444444444456,95.7777777777778,0.0,0.0,0.33365079365079353,0.245873015873016,0.5508623326959999,65.2,3300.0,68.70653132791891
2016_35_37,7.266666666666657,85.8388888888889,0.0,0.111111111111111,0.5587301587301586,0.174920634920635,0.541594072657667,65.2,3300.0,65.26174958376242
2016_36_38,15.899999999999974,80.53333333333336,0.0,0.111111111111111,0.6773015873015873,0.2503174603174603,0.529138049713333,65.2,3300.0,62.5169876410495
2017_18_20,31.622222222222266,39.32222222222223,0.111111111111111,1.0000000000000009,0.551111111111111,0.908095238095238,0.384125047801,68.6,3500.0,58.24936846819172
2017_19_21,22.111111111111132,37.977777777777774,0.111111111111111,1.000000000000001,0.5647619047619046,0.8963492063492065,0.43520917782,68.6,3500.0,62.614192875530726
2017_20_22,16.044444444444466,44.77777777777778,0.111111111111111,0.6666666666666666,0.566984126984127,0.8855555555555558,0.4712991714466671,68.6,3500.0,57.81872007705687
2017_21_23,24.400000000000034,46.65,0.111111111111111,0.4444444444444444,0.5626984126984126,0.8753968253968253,0.499882791587,68.6,3500.0,60.98917688627604
2017_22_24,17.511111111111134,58.6,0.111111111111111,0.33333333333333304,0.547142857142857,0.8644444444444442,0.523320076482,68.6,3500.0,52.47018609376486
2017_23_25,20.8777777777778,75.4833333333333,0.111111111111111,0.111111111111111,0.5185714285714284,0.8412698412698408,0.539161249203333,68.6,3500.0,44.06379214249381
2017_24_26,22.766666666666666,84.35000000000002,0.0,0.111111111111111,0.4547619047619047,0.8219047619047619,0.5410045251753329,68.6,3500.0,42.3467489437787
2017_25_27,22.366666666666664,92.63333333333335,0.0,0.0,0.36603174603174604,0.8141269841269843,0.5460457616316671,68.6,3500.0,42.28355313589625
2017_26_28,15.94444444444443,90.1055555555556,0.0,0.0,0.2685714285714287,0.7347619047619051,0.552214850223333,68.6,3500.0,49.31177724323653
2017_27_29,3.6333333333333333,97.62222222222222,0.0,0.0,0.288730158730159,0.5919047619047619,0.564038942001333,68.6,3500.0,54.91726785789061
2017_28_30,8.355555555555569,90.95555555555558,0.0,0.0,0.27031746031746035,0.4463492063492063,0.572616443594667,68.6,3500.0,58.1891210265522
2017_29_31,18.644444444444467,96.82222222222212,0.0,0.0,0.3566666666666667,0.3314285714285713,0.5787279158699999,68.6,3500.0,56.741590619304155
2017_30_32,26.455555555555573,90.80555555555547,0.0,0.0,0.25460317460317433,0.3553968253968254,0.579508285532333,68.6,3500.0,56.97673929710532
2017_31_33,28.4,94.46666666666651,0.0,0.0,0.21412698412698405,0.3715873015873017,0.5735379859783329,68.6,3500.0,65.32174552733981
2017_32_34,20.444444444444436,88.7888888888889,0.0,0.0,0.11285714285714266,0.4284126984126987,0.564050159337,68.6,3500.0,66.54343999680756
2017_33_35,13.877777777777776,80.08333333333333,0.0,0.0,0.15492063492063465,0.3631746031746034,0.544723263225,68.6,3500.0,65.67913617992788
2017_34_36,12.433333333333307,78.67777777777779,0.0,0.0,0.25507936507936463,0.32063492063492066,0.526403314213,68.6,3500.0,65.7894117587601
2017_35_37,9.688888888888867,76.67777777777773,0.0,0.0,0.348253968253968,0.27190476190476165,0.504379987253333,68.6,3500.0,65.61830647812467
2017_36_38,10.033333333333312,85.14444444444443,0.0,0.0,0.4317460317460317,0.2596825396825393,0.488811918419667,68.6,3500.0,64.59157377606284
2018_18_20,21.89999999999999,33.43333333333337,0.0,2.2222222222222205,0.5753968253968252,0.8861904761904764,0.326601019757667,55.3,2000.0,62.12832380618117
2018_19_21,16.744444444444458,32.42222222222224,0.0,3.22222222222222,0.5784126984126984,0.8795238095238096,0.37407100063733295,55.3,2000.0,59.73418007907736
2018_20_22,24.78888888888891,39.2,0.0,2.5555555555555536,0.5823809523809523,0.8769841269841271,0.411971637986,55.3,2000.0,65.90869422512802
2018_21_23,18.944444444444436,37.69444444444443,0.0,2.22222222222222,0.5538095238095236,0.9003174603174604,0.4385752071383329,55.3,2000.0,70.1777535781378
2018_22_24,18.5222222222222,43.52222222222224,0.0,1.5555555555555534,0.556190476190476,0.8842857142857143,0.467818036966,55.3,2000.0,69.73346081877801
2018_23_25,24.911111111111094,51.17777777777781,0.0,0.8888888888888866,0.5322222222222219,0.8903174603174602,0.496814212874333,55.3,2000.0,64.49142054361086
2018_24_26,40.63333333333336,67.28888888888889,0.0,0.4444444444444433,0.4958730158730156,0.8925396825396823,0.5089834926703329,55.3,2000.0,56.071053032648045
2018_25_27,38.522222222222275,86.68333333333332,0.5555555555555566,0.0,0.4355555555555553,0.8731746031746029,0.5097509878903329,55.3,2000.0,52.14308700078673
2018_26_28,22.811111111111146,94.61111111111107,0.5555555555555566,0.0,0.3869841269841267,0.788095238095238,0.5106866794136671,55.3,2000.0,50.65743544385511
2018_27_29,8.077777777777778,103.37222222222229,0.7777777777777789,0.0,0.365238095238095,0.6426984126984127,0.525037412364667,55.3,2000.0,57.35231142713176
2018_28_30,9.011111111111113,110.24999999999996,0.8888888888888891,0.0,0.33396825396825364,0.5011111111111111,0.5291607393246671,55.3,2000.0,55.605151012795524
2018_29_31,25.71111111111109,118.338888888889,1.3333333333333324,0.0,0.3079365079365077,0.4006349206349206,0.5296908859146671,55.3,2000.0,50.132111690909205
2018_30_32,26.322222222222205,121.46666666666664,1.5555555555555534,0.0,0.20317460317460295,0.4199999999999999,0.525584703633,55.3,2000.0,52.243448360011264
2018_31_33,39.577777777777754,113.67777777777799,0.8888888888888866,0.0,0.14650793650793634,0.4579365079365079,0.5286848948373329,55.3,2000.0,55.4514811800164
2018_32_34,22.97777777777777,105.27222222222231,0.4444444444444433,0.0,0.06555555555555548,0.5244444444444447,0.531120203951333,55.3,2000.0,57.9655068060191
2018_33_35,17.855555555555565,98.60000000000008,0.111111111111111,0.0,0.12730158730158714,0.4493650793650797,0.532299681325333,55.3,2000.0,60.42206007009344
2018_34_36,0.6333333333333332,89.9722222222222,0.111111111111111,0.0,0.3093650793650791,0.3476190476190477,0.536524729126667,55.3,2000.0,65.09003079708691
2018_35_37,11.266666666666653,84.46111111111112,0.111111111111111,0.22222222222222232,0.4377777777777777,0.3038095238095237,0.520469024856667,55.3,2000.0,56.974420040755604
2018_36_38,15.3,70.71666666666674,0.0,0.5555555555555557,0.4612698412698413,0.3306349206349207,0.509185149777,55.3,2000.0,54.66105544867902
2019_18_20,18.177777777777788,13.227777777777767,0.0,3.6666666666666696,0.5673015873015873,0.8898412698412698,0.110155640535333,52.4,3000.0,54.97725585498933
2019_19_21,31.0777777777778,16.916666666666668,0.0,3.3333333333333366,0.5549206349206349,0.9088888888888884,0.0685071383046666,52.4,3000.0,86.45496656385949
2019_20_22,32.46666666666667,22.78888888888891,0.0,2.4444444444444455,0.5485714285714286,0.9157142857142856,0.0929903123006666,52.4,3000.0,104.18918245203142
2019_21_23,29.233333333333306,36.183333333333344,0.0,1.7777777777777783,0.5504761904761902,0.9111111111111114,0.18521223709366694,52.4,3000.0,90.57550705913356
2019_22_24,22.077777777777733,54.422222222222246,0.0,0.555555555555555,0.5566666666666666,0.9025396825396826,0.296253855959333,52.4,3000.0,80.33168851871783
2019_23_25,37.644444444444396,68.87222222222219,0.0,0.222222222222222,0.5434920634920632,0.8984126984126984,0.35495538559600004,52.4,3000.0,69.40370157102909
2019_24_26,44.99999999999997,75.74999999999996,0.0,0.0,0.5142857142857143,0.8880952380952379,0.35955818993,52.4,3000.0,62.00345559724419
2019_25_27,43.59999999999997,80.74999999999993,0.3333333333333333,0.0,0.479206349206349,0.88015873015873,0.365445315487667,52.4,3000.0,54.49769443914668
2019_26_28,22.288888888888877,83.70555555555553,0.3333333333333333,0.0,0.4190476190476191,0.8312698412698413,0.374646845124333,52.4,3000.0,57.359534440477724
2019_27_29,20.21111111111111,95.48333333333342,0.4444444444444444,0.0,0.329047619047619,0.7457142857142857,0.36019649458266706,52.4,3000.0,56.48537058876783
2019_28_30,21.62222222222221,97.47222222222229,0.111111111111111,0.0,0.21539682539682534,0.6828571428571429,0.347304142766,52.4,3000.0,57.791007993051956
2019_29_31,21.244444444444433,106.19444444444441,0.5555555555555544,0.0,0.17301587301587298,0.5833333333333334,0.3342069471,52.4,3000.0,61.45319776497595
2019_30_32,9.233333333333324,102.09444444444428,0.4444444444444433,0.0,0.22476190476190466,0.4631746031746031,0.318882026768333,52.4,3000.0,65.39439353445921
2019_31_33,8.155555555555559,102.66666666666657,0.4444444444444433,0.0,0.2993650793650793,0.3019047619047616,0.315900701083333,52.4,3000.0,70.47201636799271
2019_32_34,10.288888888888888,96.66111111111113,0.0,0.0,0.36952380952380937,0.20650793650793636,0.331593499044,52.4,3000.0,73.89904283160362
2019_33_35,39.4,93.04444444444445,0.0,0.0,0.3657142857142857,0.2712698412698413,0.351043467176667,52.4,3000.0,70.48647557190002
2019_34_36,67.89999999999999,82.42777777777776,0.0,0.0,0.2547619047619049,0.4392063492063493,0.341446080306,52.4,3000.0,71.14404248801371
2019_35_37,71.16666666666667,68.4611111111111,0.0,0.33333333333333304,0.09349206349206368,0.6709523809523811,0.254976991714333,52.4,3000.0,71.1106860630515
2019_36_38,40.3,55.172222222222246,0.0,1.1111111111111098,-0.027936507936507936,0.7525396825396825,0.165962970044333,52.4,3000.0,79.49995227515603
2020_18_20,28.3777777777778,11.011111111111093,0.0,5.0,0.5387301587301591,0.9266666666666667,0.23694901211,51.5,2200.0,81.12410142955062
2020_19_21,19.344444444444466,16.29999999999999,0.0,5.111111111111111,0.552698412698413,0.9053968253968252,0.276389292543333,51.5,2200.0,83.28068088364309
2020_20_22,10.588888888888908,42.016666666666666,0.0,3.4444444444444438,0.6044444444444448,0.8509523809523806,0.320304461440667,51.5,2200.0,79.72955411151841
2020_21_23,9.322222222222212,53.92777777777778,0.0,2.1111111111111103,0.6603174603174607,0.8022222222222221,0.371155258126333,51.5,2200.0,76.36735372303455
2020_22_24,9.733333333333324,65.43333333333334,0.0,0.5555555555555557,0.6330158730158734,0.7874603174603173,0.4205408540473329,51.5,2200.0,82.39161026922844
2020_23_25,9.055555555555546,68.04444444444444,0.222222222222222,0.3333333333333333,0.5979365079365083,0.7553968253968254,0.4574319949013329,51.5,2200.0,69.99099727730433
2020_24_26,2.7999999999999994,88.24444444444457,0.33333333333333304,0.22222222222222232,0.6125396825396826,0.6933333333333334,0.476502931803667,51.5,2200.0,53.90205601459511
2020_25_27,4.1888888888888856,101.23888888888901,0.33333333333333304,0.0,0.5736507936507936,0.5947619047619046,0.4863885277246671,51.5,2200.0,40.9651070520376
2020_26_28,25.02222222222223,103.32777777777794,0.222222222222222,0.0,0.43460317460317466,0.5877777777777776,0.482111344805667,51.5,2200.0,39.05050625082904
2020_27_29,24.11111111111111,96.25000000000006,0.111111111111111,0.0,0.2355555555555557,0.5806349206349203,0.469282154238667,51.5,2200.0,40.305582471920665
2020_28_30,28.04444444444444,100.15000000000003,0.3333333333333333,0.0,0.17761904761904768,0.5450793650793647,0.4568450605483329,51.5,2200.0,51.195032800991214
2020_29_31,7.566666666666667,107.0277777777778,0.8888888888888891,0.0,0.21174603174603165,0.4104761904761904,0.463815360102,51.5,2200.0,60.81761789719326
2020_30_32,7.6666666666666705,116.01666666666668,1.3333333333333324,0.0,0.3596825396825397,0.2531746031746032,0.474668961121667,51.5,2200.0,58.60000257393073
2020_31_33,6.844444444444437,119.48333333333336,1.8888888888888868,0.0,0.5558730158730161,0.14587301587301593,0.468630783938667,51.5,2200.0,56.44415703461003
2020_32_34,7.299999999999994,109.84444444444445,1.22222222222222,0.0,0.6620634920634921,0.10428571428571427,0.457368068833667,51.5,2200.0,61.100941995140516
2020_33_35,22.199999999999974,98.45,0.7777777777777768,0.0,0.5768253968253966,0.1717460317460318,0.44964486934366704,51.5,2200.0,65.37249971764835
2020_34_36,19.644444444444435,83.40555555555557,0.0,0.0,0.3866666666666663,0.26253968253968263,0.440000446144333,51.5,2200.0,65.08011203097942
2020_35_37,23.344444444444427,79.20000000000003,0.0,0.22222222222222232,0.38619047619047603,0.3434920634920637,0.4229472275336671,51.5,2200.0,66.2379991848074
2020_36_38,8.033333333333324,65.89999999999999,0.0,1.1111111111111125,0.495238095238095,0.37079365079365095,0.390748820905,51.5,2200.0,68.04933423902771
